,Individual_Age,index,Age,Year,Sex,People,no_csum,norm,norm_pop,people_per_hundred,grouped_age,month
0,0,0,0,1900,3,9208740,9208740,0.12075005722644327,1.0,12.0,0-20,1
1,1,0,0,1900,3,9208740,9208740,0.12075005722644327,1.0,12.0,0-20,1
2,2,0,0,1900,3,9208740,9208740,0.12075005722644327,1.0,12.0,0-20,1
3,3,0,0,1900,3,9208740,9208740,0.12075005722644327,1.0,12.0,0-20,1
4,4,0,0,1900,3,9208740,9208740,0.12075005722644327,1.0,12.0,0-20,1
5,5,2,5,1900,3,8856266,18065006,0.23687828175147102,0.9617239709232751,12.0,0-20,1
6,6,2,5,1900,3,8856266,18065006,0.23687828175147102,0.9617239709232751,12.0,0-20,1
7,7,2,5,1900,3,8856266,18065006,0.23687828175147102,0.9617239709232751,12.0,0-20,1
8,8,2,5,1900,3,8856266,18065006,0.23687828175147102,0.9617239709232751,12.0,0-20,1
9,9,2,5,1900,3,8856266,18065006,0.23687828175147102,0.9617239709232751,12.0,0-20,1
10,10,4,10,1900,3,8059418,26124424,0.34255779759314176,0.8751922630023217,11.0,0-20,1
11,11,4,10,1900,3,8059418,26124424,0.34255779759314176,0.8751922630023217,11.0,0-20,1
12,12,4,10,1900,3,8059418,26124424,0.34255779759314176,0.8751922630023217,11.0,0-20,1
13,13,4,10,1900,3,8059418,26124424,0.34255779759314176,0.8751922630023217,11.0,0-20,1
14,14,4,10,1900,3,8059418,26124424,0.34255779759314176,0.8751922630023217,11.0,0-20,1
15,15,6,15,1900,3,7576589,33701013,0.4419061943695998,0.822760659981713,10.0,0-20,1
16,16,6,15,1900,3,7576589,33701013,0.4419061943695998,0.822760659981713,10.0,0-20,1
17,17,6,15,1900,3,7576589,33701013,0.4419061943695998,0.822760659981713,10.0,0-20,1
18,18,6,15,1900,3,7576589,33701013,0.4419061943695998,0.822760659981713,10.0,0-20,1
19,19,6,15,1900,3,7576589,33701013,0.4419061943695998,0.822760659981713,10.0,0-20,1
20,20,8,20,1900,3,7445099,41146112,0.5395304220388071,0.8084818335624635,10.0,0-20,1
21,21,8,20,1900,3,7445099,41146112,0.5395304220388071,0.8084818335624635,10.0,0-20,1
22,22,8,20,1900,3,7445099,41146112,0.5395304220388071,0.8084818335624635,10.0,0-20,1
23,23,8,20,1900,3,7445099,41146112,0.5395304220388071,0.8084818335624635,10.0,0-20,1
24,24,8,20,1900,3,7445099,41146112,0.5395304220388071,0.8084818335624635,10.0,0-20,1
25,25,10,25,1900,3,6625336,47771448,0.6264054669574838,0.7194617287489928,9.0,25-40,1
26,26,10,25,1900,3,6625336,47771448,0.6264054669574838,0.7194617287489928,9.0,25-40,1
27,27,10,25,1900,3,6625336,47771448,0.6264054669574838,0.7194617287489928,9.0,25-40,1
28,28,10,25,1900,3,6625336,47771448,0.6264054669574838,0.7194617287489928,9.0,25-40,1
29,29,10,25,1900,3,6625336,47771448,0.6264054669574838,0.7194617287489928,9.0,25-40,1
30,30,12,30,1900,3,5584138,53355586,0.6996277517717316,0.6063954460653683,7.0,25-40,1
31,31,12,30,1900,3,5584138,53355586,0.6996277517717316,0.6063954460653683,7.0,25-40,1
32,32,12,30,1900,3,5584138,53355586,0.6996277517717316,0.6063954460653683,7.0,25-40,1
33,33,12,30,1900,3,5584138,53355586,0.6996277517717316,0.6063954460653683,7.0,25-40,1
34,34,12,30,1900,3,5584138,53355586,0.6996277517717316,0.6063954460653683,7.0,25-40,1
35,35,14,35,1900,3,4981620,58337206,0.7649494896077867,0.5409665165918465,7.0,25-40,1
36,36,14,35,1900,3,4981620,58337206,0.7649494896077867,0.5409665165918465,7.0,25-40,1
37,37,14,35,1900,3,4981620,58337206,0.7649494896077867,0.5409665165918465,7.0,25-40,1
38,38,14,35,1900,3,4981620,58337206,0.7649494896077867,0.5409665165918465,7.0,25-40,1
39,39,14,35,1900,3,4981620,58337206,0.7649494896077867,0.5409665165918465,7.0,25-40,1
40,40,16,40,1900,3,4266057,62603263,0.820888372330208,0.4632617491643808,6.0,25-40,1
41,41,16,40,1900,3,4266057,62603263,0.820888372330208,0.4632617491643808,6.0,25-40,1
42,42,16,40,1900,3,4266057,62603263,0.820888372330208,0.4632617491643808,6.0,25-40,1
43,43,16,40,1900,3,4266057,62603263,0.820888372330208,0.4632617491643808,6.0,25-40,1
44,44,16,40,1900,3,4266057,62603263,0.820888372330208,0.4632617491643808,6.0,25-40,1
45,45,18,45,1900,3,3516438,66119701,0.8669978389600878,0.3818587559210055,5.0,45-60,1
46,46,18,45,1900,3,3516438,66119701,0.8669978389600878,0.3818587559210055,5.0,45-60,1
47,47,18,45,1900,3,3516438,66119701,0.8669978389600878,0.3818587559210055,5.0,45-60,1
48,48,18,45,1900,3,3516438,66119701,0.8669978389600878,0.3818587559210055,5.0,45-60,1
49,49,18,45,1900,3,3516438,66119701,0.8669978389600878,0.3818587559210055,5.0,45-60,1
50,50,20,50,1900,3,2983019,69102720,0.9061128226557473,0.32393345886625097,4.0,45-60,1
51,51,20,50,1900,3,2983019,69102720,0.9061128226557473,0.32393345886625097,4.0,45-60,1
52,52,20,50,1900,3,2983019,69102720,0.9061128226557473,0.32393345886625097,4.0,45-60,1
53,53,20,50,1900,3,2983019,69102720,0.9061128226557473,0.32393345886625097,4.0,45-60,1
54,54,20,50,1900,3,2983019,69102720,0.9061128226557473,0.32393345886625097,4.0,45-60,1
55,55,22,55,1900,3,2226540,71329260,0.9353084381706782,0.24178552114621543,3.0,45-60,1
56,56,22,55,1900,3,2226540,71329260,0.9353084381706782,0.24178552114621543,3.0,45-60,1
57,57,22,55,1900,3,2226540,71329260,0.9353084381706782,0.24178552114621543,3.0,45-60,1
58,58,22,55,1900,3,2226540,71329260,0.9353084381706782,0.24178552114621543,3.0,45-60,1
59,59,22,55,1900,3,2226540,71329260,0.9353084381706782,0.24178552114621543,3.0,45-60,1
60,60,24,60,1900,3,1804079,73133339,0.9589645129964443,0.19590942952021667,2.0,45-60,1
61,61,24,60,1900,3,1804079,73133339,0.9589645129964443,0.19590942952021667,2.0,45-60,1
62,62,24,60,1900,3,1804079,73133339,0.9589645129964443,0.19590942952021667,2.0,45-60,1
63,63,24,60,1900,3,1804079,73133339,0.9589645129964443,0.19590942952021667,2.0,45-60,1
64,64,24,60,1900,3,1804079,73133339,0.9589645129964443,0.19590942952021667,2.0,45-60,1
65,65,26,65,1900,3,1312875,74446214,0.9761796511566232,0.14256836440164453,2.0,65-90,1
66,66,26,65,1900,3,1312875,74446214,0.9761796511566232,0.14256836440164453,2.0,65-90,1
67,67,26,65,1900,3,1312875,74446214,0.9761796511566232,0.14256836440164453,2.0,65-90,1
68,68,26,65,1900,3,1312875,74446214,0.9761796511566232,0.14256836440164453,2.0,65-90,1
69,69,26,65,1900,3,1312875,74446214,0.9761796511566232,0.14256836440164453,2.0,65-90,1
70,70,28,70,1900,3,894754,75340968,0.9879121570915925,0.09716356417924711,1.0,65-90,1
71,71,28,70,1900,3,894754,75340968,0.9879121570915925,0.09716356417924711,1.0,65-90,1
72,72,28,70,1900,3,894754,75340968,0.9879121570915925,0.09716356417924711,1.0,65-90,1
73,73,28,70,1900,3,894754,75340968,0.9879121570915925,0.09716356417924711,1.0,65-90,1
74,74,28,70,1900,3,894754,75340968,0.9879121570915925,0.09716356417924711,1.0,65-90,1
75,75,30,75,1900,3,534090,75875058,0.9949154385463921,0.05799816261508089,1.0,65-90,1
76,76,30,75,1900,3,534090,75875058,0.9949154385463921,0.05799816261508089,1.0,65-90,1
77,77,30,75,1900,3,534090,75875058,0.9949154385463921,0.05799816261508089,1.0,65-90,1
78,78,30,75,1900,3,534090,75875058,0.9949154385463921,0.05799816261508089,1.0,65-90,1
79,79,30,75,1900,3,534090,75875058,0.9949154385463921,0.05799816261508089,1.0,65-90,1
80,80,32,80,1900,3,259884,76134942,0.9983231803082658,0.0282214504915982,0.0,65-90,1
81,81,32,80,1900,3,259884,76134942,0.9983231803082658,0.0282214504915982,0.0,65-90,1
82,82,32,80,1900,3,259884,76134942,0.9983231803082658,0.0282214504915982,0.0,65-90,1
83,83,32,80,1900,3,259884,76134942,0.9983231803082658,0.0282214504915982,0.0,65-90,1
84,84,32,80,1900,3,259884,76134942,0.9983231803082658,0.0282214504915982,0.0,65-90,1
85,85,34,85,1900,3,92622,76227564,0.9995376908493852,0.010058053544784628,0.0,65-90,1
86,86,34,85,1900,3,92622,76227564,0.9995376908493852,0.010058053544784628,0.0,65-90,1
87,87,34,85,1900,3,92622,76227564,0.9995376908493852,0.010058053544784628,0.0,65-90,1
88,88,34,85,1900,3,92622,76227564,0.9995376908493852,0.010058053544784628,0.0,65-90,1
89,89,34,85,1900,3,92622,76227564,0.9995376908493852,0.010058053544784628,0.0,65-90,1
90,90,36,90,1900,3,35257,76262821,1.0,0.0038286453955698606,0.0,65-90,1
91,91,36,90,1900,3,35257,76262821,1.0,0.0038286453955698606,0.0,65-90,1
92,92,36,90,1900,3,35257,76262821,1.0,0.0038286453955698606,0.0,65-90,1
93,93,36,90,1900,3,35257,76262821,1.0,0.0038286453955698606,0.0,65-90,1
94,94,36,90,1900,3,35257,76262821,1.0,0.0038286453955698606,0.0,65-90,1
0,0,0,0,1900,3,9208740,9208740,0.12075005722644327,1.0,12.0,0-20,2
1,1,0,0,1900,3,9208740,9208740,0.12075005722644327,1.0,12.0,0-20,2
2,2,0,0,1900,3,9208740,9208740,0.12075005722644327,1.0,12.0,0-20,2
3,3,0,0,1900,3,9208740,9208740,0.12075005722644327,1.0,12.0,0-20,2
4,4,0,0,1900,3,9208740,9208740,0.12075005722644327,1.0,12.0,0-20,2
5,5,2,5,1900,3,8856266,18065006,0.23687828175147102,0.9617239709232751,12.0,0-20,2
6,6,2,5,1900,3,8856266,18065006,0.23687828175147102,0.9617239709232751,12.0,0-20,2
7,7,2,5,1900,3,8856266,18065006,0.23687828175147102,0.9617239709232751,12.0,0-20,2
8,8,2,5,1900,3,8856266,18065006,0.23687828175147102,0.9617239709232751,12.0,0-20,2
9,9,2,5,1900,3,8856266,18065006,0.23687828175147102,0.9617239709232751,12.0,0-20,2
10,10,4,10,1900,3,8059418,26124424,0.34255779759314176,0.8751922630023217,11.0,0-20,2
11,11,4,10,1900,3,8059418,26124424,0.34255779759314176,0.8751922630023217,11.0,0-20,2
12,12,4,10,1900,3,8059418,26124424,0.34255779759314176,0.8751922630023217,11.0,0-20,2
13,13,4,10,1900,3,8059418,26124424,0.34255779759314176,0.8751922630023217,11.0,0-20,2
14,14,4,10,1900,3,8059418,26124424,0.34255779759314176,0.8751922630023217,11.0,0-20,2
15,15,6,15,1900,3,7576589,33701013,0.4419061943695998,0.822760659981713,10.0,0-20,2
16,16,6,15,1900,3,7576589,33701013,0.4419061943695998,0.822760659981713,10.0,0-20,2
17,17,6,15,1900,3,7576589,33701013,0.4419061943695998,0.822760659981713,10.0,0-20,2
18,18,6,15,1900,3,7576589,33701013,0.4419061943695998,0.822760659981713,10.0,0-20,2
19,19,6,15,1900,3,7576589,33701013,0.4419061943695998,0.822760659981713,10.0,0-20,2
20,20,8,20,1900,3,7445099,41146112,0.5395304220388071,0.8084818335624635,10.0,0-20,2
21,21,8,20,1900,3,7445099,41146112,0.5395304220388071,0.8084818335624635,10.0,0-20,2
22,22,8,20,1900,3,7445099,41146112,0.5395304220388071,0.8084818335624635,10.0,0-20,2
23,23,8,20,1900,3,7445099,41146112,0.5395304220388071,0.8084818335624635,10.0,0-20,2
24,24,8,20,1900,3,7445099,41146112,0.5395304220388071,0.8084818335624635,10.0,0-20,2
25,25,10,25,1900,3,6625336,47771448,0.6264054669574838,0.7194617287489928,9.0,25-40,2
26,26,10,25,1900,3,6625336,47771448,0.6264054669574838,0.7194617287489928,9.0,25-40,2
27,27,10,25,1900,3,6625336,47771448,0.6264054669574838,0.7194617287489928,9.0,25-40,2
28,28,10,25,1900,3,6625336,47771448,0.6264054669574838,0.7194617287489928,9.0,25-40,2
29,29,10,25,1900,3,6625336,47771448,0.6264054669574838,0.7194617287489928,9.0,25-40,2
30,30,12,30,1900,3,5584138,53355586,0.6996277517717316,0.6063954460653683,7.0,25-40,2
31,31,12,30,1900,3,5584138,53355586,0.6996277517717316,0.6063954460653683,7.0,25-40,2
32,32,12,30,1900,3,5584138,53355586,0.6996277517717316,0.6063954460653683,7.0,25-40,2
33,33,12,30,1900,3,5584138,53355586,0.6996277517717316,0.6063954460653683,7.0,25-40,2
34,34,12,30,1900,3,5584138,53355586,0.6996277517717316,0.6063954460653683,7.0,25-40,2
35,35,14,35,1900,3,4981620,58337206,0.7649494896077867,0.5409665165918465,7.0,25-40,2
36,36,14,35,1900,3,4981620,58337206,0.7649494896077867,0.5409665165918465,7.0,25-40,2
37,37,14,35,1900,3,4981620,58337206,0.7649494896077867,0.5409665165918465,7.0,25-40,2
38,38,14,35,1900,3,4981620,58337206,0.7649494896077867,0.5409665165918465,7.0,25-40,2
39,39,14,35,1900,3,4981620,58337206,0.7649494896077867,0.5409665165918465,7.0,25-40,2
40,40,16,40,1900,3,4266057,62603263,0.820888372330208,0.4632617491643808,6.0,25-40,2
41,41,16,40,1900,3,4266057,62603263,0.820888372330208,0.4632617491643808,6.0,25-40,2
42,42,16,40,1900,3,4266057,62603263,0.820888372330208,0.4632617491643808,6.0,25-40,2
43,43,16,40,1900,3,4266057,62603263,0.820888372330208,0.4632617491643808,6.0,25-40,2
44,44,16,40,1900,3,4266057,62603263,0.820888372330208,0.4632617491643808,6.0,25-40,2
45,45,18,45,1900,3,3516438,66119701,0.8669978389600878,0.3818587559210055,5.0,45-60,2
46,46,18,45,1900,3,3516438,66119701,0.8669978389600878,0.3818587559210055,5.0,45-60,2
47,47,18,45,1900,3,3516438,66119701,0.8669978389600878,0.3818587559210055,5.0,45-60,2
48,48,18,45,1900,3,3516438,66119701,0.8669978389600878,0.3818587559210055,5.0,45-60,2
49,49,18,45,1900,3,3516438,66119701,0.8669978389600878,0.3818587559210055,5.0,45-60,2
50,50,20,50,1900,3,2983019,69102720,0.9061128226557473,0.32393345886625097,4.0,45-60,2
51,51,20,50,1900,3,2983019,69102720,0.9061128226557473,0.32393345886625097,4.0,45-60,2
52,52,20,50,1900,3,2983019,69102720,0.9061128226557473,0.32393345886625097,4.0,45-60,2
53,53,20,50,1900,3,2983019,69102720,0.9061128226557473,0.32393345886625097,4.0,45-60,2
54,54,20,50,1900,3,2983019,69102720,0.9061128226557473,0.32393345886625097,4.0,45-60,2
55,55,22,55,1900,3,2226540,71329260,0.9353084381706782,0.24178552114621543,3.0,45-60,2
56,56,22,55,1900,3,2226540,71329260,0.9353084381706782,0.24178552114621543,3.0,45-60,2
57,57,22,55,1900,3,2226540,71329260,0.9353084381706782,0.24178552114621543,3.0,45-60,2
58,58,22,55,1900,3,2226540,71329260,0.9353084381706782,0.24178552114621543,3.0,45-60,2
59,59,22,55,1900,3,2226540,71329260,0.9353084381706782,0.24178552114621543,3.0,45-60,2
60,60,24,60,1900,3,1804079,73133339,0.9589645129964443,0.19590942952021667,2.0,45-60,2
61,61,24,60,1900,3,1804079,73133339,0.9589645129964443,0.19590942952021667,2.0,45-60,2
62,62,24,60,1900,3,1804079,73133339,0.9589645129964443,0.19590942952021667,2.0,45-60,2
63,63,24,60,1900,3,1804079,73133339,0.9589645129964443,0.19590942952021667,2.0,45-60,2
64,64,24,60,1900,3,1804079,73133339,0.9589645129964443,0.19590942952021667,2.0,45-60,2
65,65,26,65,1900,3,1312875,74446214,0.9761796511566232,0.14256836440164453,2.0,65-90,2
66,66,26,65,1900,3,1312875,74446214,0.9761796511566232,0.14256836440164453,2.0,65-90,2
67,67,26,65,1900,3,1312875,74446214,0.9761796511566232,0.14256836440164453,2.0,65-90,2
68,68,26,65,1900,3,1312875,74446214,0.9761796511566232,0.14256836440164453,2.0,65-90,2
69,69,26,65,1900,3,1312875,74446214,0.9761796511566232,0.14256836440164453,2.0,65-90,2
70,70,28,70,1900,3,894754,75340968,0.9879121570915925,0.09716356417924711,1.0,65-90,2
71,71,28,70,1900,3,894754,75340968,0.9879121570915925,0.09716356417924711,1.0,65-90,2
72,72,28,70,1900,3,894754,75340968,0.9879121570915925,0.09716356417924711,1.0,65-90,2
73,73,28,70,1900,3,894754,75340968,0.9879121570915925,0.09716356417924711,1.0,65-90,2
74,74,28,70,1900,3,894754,75340968,0.9879121570915925,0.09716356417924711,1.0,65-90,2
75,75,30,75,1900,3,534090,75875058,0.9949154385463921,0.05799816261508089,1.0,65-90,2
76,76,30,75,1900,3,534090,75875058,0.9949154385463921,0.05799816261508089,1.0,65-90,2
77,77,30,75,1900,3,534090,75875058,0.9949154385463921,0.05799816261508089,1.0,65-90,2
78,78,30,75,1900,3,534090,75875058,0.9949154385463921,0.05799816261508089,1.0,65-90,2
79,79,30,75,1900,3,534090,75875058,0.9949154385463921,0.05799816261508089,1.0,65-90,2
80,80,32,80,1900,3,259884,76134942,0.9983231803082658,0.0282214504915982,0.0,65-90,2
81,81,32,80,1900,3,259884,76134942,0.9983231803082658,0.0282214504915982,0.0,65-90,2
82,82,32,80,1900,3,259884,76134942,0.9983231803082658,0.0282214504915982,0.0,65-90,2
83,83,32,80,1900,3,259884,76134942,0.9983231803082658,0.0282214504915982,0.0,65-90,2
84,84,32,80,1900,3,259884,76134942,0.9983231803082658,0.0282214504915982,0.0,65-90,2
85,85,34,85,1900,3,92622,76227564,0.9995376908493852,0.010058053544784628,0.0,65-90,2
86,86,34,85,1900,3,92622,76227564,0.9995376908493852,0.010058053544784628,0.0,65-90,2
87,87,34,85,1900,3,92622,76227564,0.9995376908493852,0.010058053544784628,0.0,65-90,2
88,88,34,85,1900,3,92622,76227564,0.9995376908493852,0.010058053544784628,0.0,65-90,2
89,89,34,85,1900,3,92622,76227564,0.9995376908493852,0.010058053544784628,0.0,65-90,2
90,90,36,90,1900,3,35257,76262821,1.0,0.0038286453955698606,0.0,65-90,2
91,91,36,90,1900,3,35257,76262821,1.0,0.0038286453955698606,0.0,65-90,2
92,92,36,90,1900,3,35257,76262821,1.0,0.0038286453955698606,0.0,65-90,2
93,93,36,90,1900,3,35257,76262821,1.0,0.0038286453955698606,0.0,65-90,2
94,94,36,90,1900,3,35257,76262821,1.0,0.0038286453955698606,0.0,65-90,2
0,0,0,0,1900,3,9208740,9208740,0.12075005722644327,1.0,12.0,0-20,3
1,1,0,0,1900,3,9208740,9208740,0.12075005722644327,1.0,12.0,0-20,3
2,2,0,0,1900,3,9208740,9208740,0.12075005722644327,1.0,12.0,0-20,3
3,3,0,0,1900,3,9208740,9208740,0.12075005722644327,1.0,12.0,0-20,3
4,4,0,0,1900,3,9208740,9208740,0.12075005722644327,1.0,12.0,0-20,3
5,5,2,5,1900,3,8856266,18065006,0.23687828175147102,0.9617239709232751,12.0,0-20,3
6,6,2,5,1900,3,8856266,18065006,0.23687828175147102,0.9617239709232751,12.0,0-20,3
7,7,2,5,1900,3,8856266,18065006,0.23687828175147102,0.9617239709232751,12.0,0-20,3
8,8,2,5,1900,3,8856266,18065006,0.23687828175147102,0.9617239709232751,12.0,0-20,3
9,9,2,5,1900,3,8856266,18065006,0.23687828175147102,0.9617239709232751,12.0,0-20,3
10,10,4,10,1900,3,8059418,26124424,0.34255779759314176,0.8751922630023217,11.0,0-20,3
11,11,4,10,1900,3,8059418,26124424,0.34255779759314176,0.8751922630023217,11.0,0-20,3
12,12,4,10,1900,3,8059418,26124424,0.34255779759314176,0.8751922630023217,11.0,0-20,3
13,13,4,10,1900,3,8059418,26124424,0.34255779759314176,0.8751922630023217,11.0,0-20,3
14,14,4,10,1900,3,8059418,26124424,0.34255779759314176,0.8751922630023217,11.0,0-20,3
15,15,6,15,1900,3,7576589,33701013,0.4419061943695998,0.822760659981713,10.0,0-20,3
16,16,6,15,1900,3,7576589,33701013,0.4419061943695998,0.822760659981713,10.0,0-20,3
17,17,6,15,1900,3,7576589,33701013,0.4419061943695998,0.822760659981713,10.0,0-20,3
18,18,6,15,1900,3,7576589,33701013,0.4419061943695998,0.822760659981713,10.0,0-20,3
19,19,6,15,1900,3,7576589,33701013,0.4419061943695998,0.822760659981713,10.0,0-20,3
20,20,8,20,1900,3,7445099,41146112,0.5395304220388071,0.8084818335624635,10.0,0-20,3
21,21,8,20,1900,3,7445099,41146112,0.5395304220388071,0.8084818335624635,10.0,0-20,3
22,22,8,20,1900,3,7445099,41146112,0.5395304220388071,0.8084818335624635,10.0,0-20,3
23,23,8,20,1900,3,7445099,41146112,0.5395304220388071,0.8084818335624635,10.0,0-20,3
24,24,8,20,1900,3,7445099,41146112,0.5395304220388071,0.8084818335624635,10.0,0-20,3
25,25,10,25,1900,3,6625336,47771448,0.6264054669574838,0.7194617287489928,9.0,25-40,3
26,26,10,25,1900,3,6625336,47771448,0.6264054669574838,0.7194617287489928,9.0,25-40,3
27,27,10,25,1900,3,6625336,47771448,0.6264054669574838,0.7194617287489928,9.0,25-40,3
28,28,10,25,1900,3,6625336,47771448,0.6264054669574838,0.7194617287489928,9.0,25-40,3
29,29,10,25,1900,3,6625336,47771448,0.6264054669574838,0.7194617287489928,9.0,25-40,3
30,30,12,30,1900,3,5584138,53355586,0.6996277517717316,0.6063954460653683,7.0,25-40,3
31,31,12,30,1900,3,5584138,53355586,0.6996277517717316,0.6063954460653683,7.0,25-40,3
32,32,12,30,1900,3,5584138,53355586,0.6996277517717316,0.6063954460653683,7.0,25-40,3
33,33,12,30,1900,3,5584138,53355586,0.6996277517717316,0.6063954460653683,7.0,25-40,3
34,34,12,30,1900,3,5584138,53355586,0.6996277517717316,0.6063954460653683,7.0,25-40,3
35,35,14,35,1900,3,4981620,58337206,0.7649494896077867,0.5409665165918465,7.0,25-40,3
36,36,14,35,1900,3,4981620,58337206,0.7649494896077867,0.5409665165918465,7.0,25-40,3
37,37,14,35,1900,3,4981620,58337206,0.7649494896077867,0.5409665165918465,7.0,25-40,3
38,38,14,35,1900,3,4981620,58337206,0.7649494896077867,0.5409665165918465,7.0,25-40,3
39,39,14,35,1900,3,4981620,58337206,0.7649494896077867,0.5409665165918465,7.0,25-40,3
40,40,16,40,1900,3,4266057,62603263,0.820888372330208,0.4632617491643808,6.0,25-40,3
41,41,16,40,1900,3,4266057,62603263,0.820888372330208,0.4632617491643808,6.0,25-40,3
42,42,16,40,1900,3,4266057,62603263,0.820888372330208,0.4632617491643808,6.0,25-40,3
43,43,16,40,1900,3,4266057,62603263,0.820888372330208,0.4632617491643808,6.0,25-40,3
44,44,16,40,1900,3,4266057,62603263,0.820888372330208,0.4632617491643808,6.0,25-40,3
45,45,18,45,1900,3,3516438,66119701,0.8669978389600878,0.3818587559210055,5.0,45-60,3
46,46,18,45,1900,3,3516438,66119701,0.8669978389600878,0.3818587559210055,5.0,45-60,3
47,47,18,45,1900,3,3516438,66119701,0.8669978389600878,0.3818587559210055,5.0,45-60,3
48,48,18,45,1900,3,3516438,66119701,0.8669978389600878,0.3818587559210055,5.0,45-60,3
49,49,18,45,1900,3,3516438,66119701,0.8669978389600878,0.3818587559210055,5.0,45-60,3
50,50,20,50,1900,3,2983019,69102720,0.9061128226557473,0.32393345886625097,4.0,45-60,3
51,51,20,50,1900,3,2983019,69102720,0.9061128226557473,0.32393345886625097,4.0,45-60,3
52,52,20,50,1900,3,2983019,69102720,0.9061128226557473,0.32393345886625097,4.0,45-60,3
53,53,20,50,1900,3,2983019,69102720,0.9061128226557473,0.32393345886625097,4.0,45-60,3
54,54,20,50,1900,3,2983019,69102720,0.9061128226557473,0.32393345886625097,4.0,45-60,3
55,55,22,55,1900,3,2226540,71329260,0.9353084381706782,0.24178552114621543,3.0,45-60,3
56,56,22,55,1900,3,2226540,71329260,0.9353084381706782,0.24178552114621543,3.0,45-60,3
57,57,22,55,1900,3,2226540,71329260,0.9353084381706782,0.24178552114621543,3.0,45-60,3
58,58,22,55,1900,3,2226540,71329260,0.9353084381706782,0.24178552114621543,3.0,45-60,3
59,59,22,55,1900,3,2226540,71329260,0.9353084381706782,0.24178552114621543,3.0,45-60,3
60,60,24,60,1900,3,1804079,73133339,0.9589645129964443,0.19590942952021667,2.0,45-60,3
61,61,24,60,1900,3,1804079,73133339,0.9589645129964443,0.19590942952021667,2.0,45-60,3
62,62,24,60,1900,3,1804079,73133339,0.9589645129964443,0.19590942952021667,2.0,45-60,3
63,63,24,60,1900,3,1804079,73133339,0.9589645129964443,0.19590942952021667,2.0,45-60,3
64,64,24,60,1900,3,1804079,73133339,0.9589645129964443,0.19590942952021667,2.0,45-60,3
65,65,26,65,1900,3,1312875,74446214,0.9761796511566232,0.14256836440164453,2.0,65-90,3
66,66,26,65,1900,3,1312875,74446214,0.9761796511566232,0.14256836440164453,2.0,65-90,3
67,67,26,65,1900,3,1312875,74446214,0.9761796511566232,0.14256836440164453,2.0,65-90,3
68,68,26,65,1900,3,1312875,74446214,0.9761796511566232,0.14256836440164453,2.0,65-90,3
69,69,26,65,1900,3,1312875,74446214,0.9761796511566232,0.14256836440164453,2.0,65-90,3
70,70,28,70,1900,3,894754,75340968,0.9879121570915925,0.09716356417924711,1.0,65-90,3
71,71,28,70,1900,3,894754,75340968,0.9879121570915925,0.09716356417924711,1.0,65-90,3
72,72,28,70,1900,3,894754,75340968,0.9879121570915925,0.09716356417924711,1.0,65-90,3
73,73,28,70,1900,3,894754,75340968,0.9879121570915925,0.09716356417924711,1.0,65-90,3
74,74,28,70,1900,3,894754,75340968,0.9879121570915925,0.09716356417924711,1.0,65-90,3
75,75,30,75,1900,3,534090,75875058,0.9949154385463921,0.05799816261508089,1.0,65-90,3
76,76,30,75,1900,3,534090,75875058,0.9949154385463921,0.05799816261508089,1.0,65-90,3
77,77,30,75,1900,3,534090,75875058,0.9949154385463921,0.05799816261508089,1.0,65-90,3
78,78,30,75,1900,3,534090,75875058,0.9949154385463921,0.05799816261508089,1.0,65-90,3
79,79,30,75,1900,3,534090,75875058,0.9949154385463921,0.05799816261508089,1.0,65-90,3
80,80,32,80,1900,3,259884,76134942,0.9983231803082658,0.0282214504915982,0.0,65-90,3
81,81,32,80,1900,3,259884,76134942,0.9983231803082658,0.0282214504915982,0.0,65-90,3
82,82,32,80,1900,3,259884,76134942,0.9983231803082658,0.0282214504915982,0.0,65-90,3
83,83,32,80,1900,3,259884,76134942,0.9983231803082658,0.0282214504915982,0.0,65-90,3
84,84,32,80,1900,3,259884,76134942,0.9983231803082658,0.0282214504915982,0.0,65-90,3
85,85,34,85,1900,3,92622,76227564,0.9995376908493852,0.010058053544784628,0.0,65-90,3
86,86,34,85,1900,3,92622,76227564,0.9995376908493852,0.010058053544784628,0.0,65-90,3
87,87,34,85,1900,3,92622,76227564,0.9995376908493852,0.010058053544784628,0.0,65-90,3
88,88,34,85,1900,3,92622,76227564,0.9995376908493852,0.010058053544784628,0.0,65-90,3
89,89,34,85,1900,3,92622,76227564,0.9995376908493852,0.010058053544784628,0.0,65-90,3
90,90,36,90,1900,3,35257,76262821,1.0,0.0038286453955698606,0.0,65-90,3
91,91,36,90,1900,3,35257,76262821,1.0,0.0038286453955698606,0.0,65-90,3
92,92,36,90,1900,3,35257,76262821,1.0,0.0038286453955698606,0.0,65-90,3
93,93,36,90,1900,3,35257,76262821,1.0,0.0038286453955698606,0.0,65-90,3
94,94,36,90,1900,3,35257,76262821,1.0,0.0038286453955698606,0.0,65-90,3
0,0,0,0,1900,3,9208740,9208740,0.12075005722644327,1.0,12.0,0-20,4
1,1,0,0,1900,3,9208740,9208740,0.12075005722644327,1.0,12.0,0-20,4
2,2,0,0,1900,3,9208740,9208740,0.12075005722644327,1.0,12.0,0-20,4
3,3,0,0,1900,3,9208740,9208740,0.12075005722644327,1.0,12.0,0-20,4
4,4,0,0,1900,3,9208740,9208740,0.12075005722644327,1.0,12.0,0-20,4
5,5,2,5,1900,3,8856266,18065006,0.23687828175147102,0.9617239709232751,12.0,0-20,4
6,6,2,5,1900,3,8856266,18065006,0.23687828175147102,0.9617239709232751,12.0,0-20,4
7,7,2,5,1900,3,8856266,18065006,0.23687828175147102,0.9617239709232751,12.0,0-20,4
8,8,2,5,1900,3,8856266,18065006,0.23687828175147102,0.9617239709232751,12.0,0-20,4
9,9,2,5,1900,3,8856266,18065006,0.23687828175147102,0.9617239709232751,12.0,0-20,4
10,10,4,10,1900,3,8059418,26124424,0.34255779759314176,0.8751922630023217,11.0,0-20,4
11,11,4,10,1900,3,8059418,26124424,0.34255779759314176,0.8751922630023217,11.0,0-20,4
12,12,4,10,1900,3,8059418,26124424,0.34255779759314176,0.8751922630023217,11.0,0-20,4
13,13,4,10,1900,3,8059418,26124424,0.34255779759314176,0.8751922630023217,11.0,0-20,4
14,14,4,10,1900,3,8059418,26124424,0.34255779759314176,0.8751922630023217,11.0,0-20,4
15,15,6,15,1900,3,7576589,33701013,0.4419061943695998,0.822760659981713,10.0,0-20,4
16,16,6,15,1900,3,7576589,33701013,0.4419061943695998,0.822760659981713,10.0,0-20,4
17,17,6,15,1900,3,7576589,33701013,0.4419061943695998,0.822760659981713,10.0,0-20,4
18,18,6,15,1900,3,7576589,33701013,0.4419061943695998,0.822760659981713,10.0,0-20,4
19,19,6,15,1900,3,7576589,33701013,0.4419061943695998,0.822760659981713,10.0,0-20,4
20,20,8,20,1900,3,7445099,41146112,0.5395304220388071,0.8084818335624635,10.0,0-20,4
21,21,8,20,1900,3,7445099,41146112,0.5395304220388071,0.8084818335624635,10.0,0-20,4
22,22,8,20,1900,3,7445099,41146112,0.5395304220388071,0.8084818335624635,10.0,0-20,4
23,23,8,20,1900,3,7445099,41146112,0.5395304220388071,0.8084818335624635,10.0,0-20,4
24,24,8,20,1900,3,7445099,41146112,0.5395304220388071,0.8084818335624635,10.0,0-20,4
25,25,10,25,1900,3,6625336,47771448,0.6264054669574838,0.7194617287489928,9.0,25-40,4
26,26,10,25,1900,3,6625336,47771448,0.6264054669574838,0.7194617287489928,9.0,25-40,4
27,27,10,25,1900,3,6625336,47771448,0.6264054669574838,0.7194617287489928,9.0,25-40,4
28,28,10,25,1900,3,6625336,47771448,0.6264054669574838,0.7194617287489928,9.0,25-40,4
29,29,10,25,1900,3,6625336,47771448,0.6264054669574838,0.7194617287489928,9.0,25-40,4
30,30,12,30,1900,3,5584138,53355586,0.6996277517717316,0.6063954460653683,7.0,25-40,4
31,31,12,30,1900,3,5584138,53355586,0.6996277517717316,0.6063954460653683,7.0,25-40,4
32,32,12,30,1900,3,5584138,53355586,0.6996277517717316,0.6063954460653683,7.0,25-40,4
33,33,12,30,1900,3,5584138,53355586,0.6996277517717316,0.6063954460653683,7.0,25-40,4
34,34,12,30,1900,3,5584138,53355586,0.6996277517717316,0.6063954460653683,7.0,25-40,4
35,35,14,35,1900,3,4981620,58337206,0.7649494896077867,0.5409665165918465,7.0,25-40,4
36,36,14,35,1900,3,4981620,58337206,0.7649494896077867,0.5409665165918465,7.0,25-40,4
37,37,14,35,1900,3,4981620,58337206,0.7649494896077867,0.5409665165918465,7.0,25-40,4
38,38,14,35,1900,3,4981620,58337206,0.7649494896077867,0.5409665165918465,7.0,25-40,4
39,39,14,35,1900,3,4981620,58337206,0.7649494896077867,0.5409665165918465,7.0,25-40,4
40,40,16,40,1900,3,4266057,62603263,0.820888372330208,0.4632617491643808,6.0,25-40,4
41,41,16,40,1900,3,4266057,62603263,0.820888372330208,0.4632617491643808,6.0,25-40,4
42,42,16,40,1900,3,4266057,62603263,0.820888372330208,0.4632617491643808,6.0,25-40,4
43,43,16,40,1900,3,4266057,62603263,0.820888372330208,0.4632617491643808,6.0,25-40,4
44,44,16,40,1900,3,4266057,62603263,0.820888372330208,0.4632617491643808,6.0,25-40,4
45,45,18,45,1900,3,3516438,66119701,0.8669978389600878,0.3818587559210055,5.0,45-60,4
46,46,18,45,1900,3,3516438,66119701,0.8669978389600878,0.3818587559210055,5.0,45-60,4
47,47,18,45,1900,3,3516438,66119701,0.8669978389600878,0.3818587559210055,5.0,45-60,4
48,48,18,45,1900,3,3516438,66119701,0.8669978389600878,0.3818587559210055,5.0,45-60,4
49,49,18,45,1900,3,3516438,66119701,0.8669978389600878,0.3818587559210055,5.0,45-60,4
50,50,20,50,1900,3,2983019,69102720,0.9061128226557473,0.32393345886625097,4.0,45-60,4
51,51,20,50,1900,3,2983019,69102720,0.9061128226557473,0.32393345886625097,4.0,45-60,4
52,52,20,50,1900,3,2983019,69102720,0.9061128226557473,0.32393345886625097,4.0,45-60,4
53,53,20,50,1900,3,2983019,69102720,0.9061128226557473,0.32393345886625097,4.0,45-60,4
54,54,20,50,1900,3,2983019,69102720,0.9061128226557473,0.32393345886625097,4.0,45-60,4
55,55,22,55,1900,3,2226540,71329260,0.9353084381706782,0.24178552114621543,3.0,45-60,4
56,56,22,55,1900,3,2226540,71329260,0.9353084381706782,0.24178552114621543,3.0,45-60,4
57,57,22,55,1900,3,2226540,71329260,0.9353084381706782,0.24178552114621543,3.0,45-60,4
58,58,22,55,1900,3,2226540,71329260,0.9353084381706782,0.24178552114621543,3.0,45-60,4
59,59,22,55,1900,3,2226540,71329260,0.9353084381706782,0.24178552114621543,3.0,45-60,4
60,60,24,60,1900,3,1804079,73133339,0.9589645129964443,0.19590942952021667,2.0,45-60,4
61,61,24,60,1900,3,1804079,73133339,0.9589645129964443,0.19590942952021667,2.0,45-60,4
62,62,24,60,1900,3,1804079,73133339,0.9589645129964443,0.19590942952021667,2.0,45-60,4
63,63,24,60,1900,3,1804079,73133339,0.9589645129964443,0.19590942952021667,2.0,45-60,4
64,64,24,60,1900,3,1804079,73133339,0.9589645129964443,0.19590942952021667,2.0,45-60,4
65,65,26,65,1900,3,1312875,74446214,0.9761796511566232,0.14256836440164453,2.0,65-90,4
66,66,26,65,1900,3,1312875,74446214,0.9761796511566232,0.14256836440164453,2.0,65-90,4
67,67,26,65,1900,3,1312875,74446214,0.9761796511566232,0.14256836440164453,2.0,65-90,4
68,68,26,65,1900,3,1312875,74446214,0.9761796511566232,0.14256836440164453,2.0,65-90,4
69,69,26,65,1900,3,1312875,74446214,0.9761796511566232,0.14256836440164453,2.0,65-90,4
70,70,28,70,1900,3,894754,75340968,0.9879121570915925,0.09716356417924711,1.0,65-90,4
71,71,28,70,1900,3,894754,75340968,0.9879121570915925,0.09716356417924711,1.0,65-90,4
72,72,28,70,1900,3,894754,75340968,0.9879121570915925,0.09716356417924711,1.0,65-90,4
73,73,28,70,1900,3,894754,75340968,0.9879121570915925,0.09716356417924711,1.0,65-90,4
74,74,28,70,1900,3,894754,75340968,0.9879121570915925,0.09716356417924711,1.0,65-90,4
75,75,30,75,1900,3,534090,75875058,0.9949154385463921,0.05799816261508089,1.0,65-90,4
76,76,30,75,1900,3,534090,75875058,0.9949154385463921,0.05799816261508089,1.0,65-90,4
77,77,30,75,1900,3,534090,75875058,0.9949154385463921,0.05799816261508089,1.0,65-90,4
78,78,30,75,1900,3,534090,75875058,0.9949154385463921,0.05799816261508089,1.0,65-90,4
79,79,30,75,1900,3,534090,75875058,0.9949154385463921,0.05799816261508089,1.0,65-90,4
80,80,32,80,1900,3,259884,76134942,0.9983231803082658,0.0282214504915982,0.0,65-90,4
81,81,32,80,1900,3,259884,76134942,0.9983231803082658,0.0282214504915982,0.0,65-90,4
82,82,32,80,1900,3,259884,76134942,0.9983231803082658,0.0282214504915982,0.0,65-90,4
83,83,32,80,1900,3,259884,76134942,0.9983231803082658,0.0282214504915982,0.0,65-90,4
84,84,32,80,1900,3,259884,76134942,0.9983231803082658,0.0282214504915982,0.0,65-90,4
85,85,34,85,1900,3,92622,76227564,0.9995376908493852,0.010058053544784628,0.0,65-90,4
86,86,34,85,1900,3,92622,76227564,0.9995376908493852,0.010058053544784628,0.0,65-90,4
87,87,34,85,1900,3,92622,76227564,0.9995376908493852,0.010058053544784628,0.0,65-90,4
88,88,34,85,1900,3,92622,76227564,0.9995376908493852,0.010058053544784628,0.0,65-90,4
89,89,34,85,1900,3,92622,76227564,0.9995376908493852,0.010058053544784628,0.0,65-90,4
90,90,36,90,1900,3,35257,76262821,1.0,0.0038286453955698606,0.0,65-90,4
91,91,36,90,1900,3,35257,76262821,1.0,0.0038286453955698606,0.0,65-90,4
92,92,36,90,1900,3,35257,76262821,1.0,0.0038286453955698606,0.0,65-90,4
93,93,36,90,1900,3,35257,76262821,1.0,0.0038286453955698606,0.0,65-90,4
94,94,36,90,1900,3,35257,76262821,1.0,0.0038286453955698606,0.0,65-90,4
0,0,0,0,1900,3,9208740,9208740,0.12075005722644327,1.0,12.0,0-20,5
1,1,0,0,1900,3,9208740,9208740,0.12075005722644327,1.0,12.0,0-20,5
2,2,0,0,1900,3,9208740,9208740,0.12075005722644327,1.0,12.0,0-20,5
3,3,0,0,1900,3,9208740,9208740,0.12075005722644327,1.0,12.0,0-20,5
4,4,0,0,1900,3,9208740,9208740,0.12075005722644327,1.0,12.0,0-20,5
5,5,2,5,1900,3,8856266,18065006,0.23687828175147102,0.9617239709232751,12.0,0-20,5
6,6,2,5,1900,3,8856266,18065006,0.23687828175147102,0.9617239709232751,12.0,0-20,5
7,7,2,5,1900,3,8856266,18065006,0.23687828175147102,0.9617239709232751,12.0,0-20,5
8,8,2,5,1900,3,8856266,18065006,0.23687828175147102,0.9617239709232751,12.0,0-20,5
9,9,2,5,1900,3,8856266,18065006,0.23687828175147102,0.9617239709232751,12.0,0-20,5
10,10,4,10,1900,3,8059418,26124424,0.34255779759314176,0.8751922630023217,11.0,0-20,5
11,11,4,10,1900,3,8059418,26124424,0.34255779759314176,0.8751922630023217,11.0,0-20,5
12,12,4,10,1900,3,8059418,26124424,0.34255779759314176,0.8751922630023217,11.0,0-20,5
13,13,4,10,1900,3,8059418,26124424,0.34255779759314176,0.8751922630023217,11.0,0-20,5
14,14,4,10,1900,3,8059418,26124424,0.34255779759314176,0.8751922630023217,11.0,0-20,5
15,15,6,15,1900,3,7576589,33701013,0.4419061943695998,0.822760659981713,10.0,0-20,5
16,16,6,15,1900,3,7576589,33701013,0.4419061943695998,0.822760659981713,10.0,0-20,5
17,17,6,15,1900,3,7576589,33701013,0.4419061943695998,0.822760659981713,10.0,0-20,5
18,18,6,15,1900,3,7576589,33701013,0.4419061943695998,0.822760659981713,10.0,0-20,5
19,19,6,15,1900,3,7576589,33701013,0.4419061943695998,0.822760659981713,10.0,0-20,5
20,20,8,20,1900,3,7445099,41146112,0.5395304220388071,0.8084818335624635,10.0,0-20,5
21,21,8,20,1900,3,7445099,41146112,0.5395304220388071,0.8084818335624635,10.0,0-20,5
22,22,8,20,1900,3,7445099,41146112,0.5395304220388071,0.8084818335624635,10.0,0-20,5
23,23,8,20,1900,3,7445099,41146112,0.5395304220388071,0.8084818335624635,10.0,0-20,5
24,24,8,20,1900,3,7445099,41146112,0.5395304220388071,0.8084818335624635,10.0,0-20,5
25,25,10,25,1900,3,6625336,47771448,0.6264054669574838,0.7194617287489928,9.0,25-40,5
26,26,10,25,1900,3,6625336,47771448,0.6264054669574838,0.7194617287489928,9.0,25-40,5
27,27,10,25,1900,3,6625336,47771448,0.6264054669574838,0.7194617287489928,9.0,25-40,5
28,28,10,25,1900,3,6625336,47771448,0.6264054669574838,0.7194617287489928,9.0,25-40,5
29,29,10,25,1900,3,6625336,47771448,0.6264054669574838,0.7194617287489928,9.0,25-40,5
30,30,12,30,1900,3,5584138,53355586,0.6996277517717316,0.6063954460653683,7.0,25-40,5
31,31,12,30,1900,3,5584138,53355586,0.6996277517717316,0.6063954460653683,7.0,25-40,5
32,32,12,30,1900,3,5584138,53355586,0.6996277517717316,0.6063954460653683,7.0,25-40,5
33,33,12,30,1900,3,5584138,53355586,0.6996277517717316,0.6063954460653683,7.0,25-40,5
34,34,12,30,1900,3,5584138,53355586,0.6996277517717316,0.6063954460653683,7.0,25-40,5
35,35,14,35,1900,3,4981620,58337206,0.7649494896077867,0.5409665165918465,7.0,25-40,5
36,36,14,35,1900,3,4981620,58337206,0.7649494896077867,0.5409665165918465,7.0,25-40,5
37,37,14,35,1900,3,4981620,58337206,0.7649494896077867,0.5409665165918465,7.0,25-40,5
38,38,14,35,1900,3,4981620,58337206,0.7649494896077867,0.5409665165918465,7.0,25-40,5
39,39,14,35,1900,3,4981620,58337206,0.7649494896077867,0.5409665165918465,7.0,25-40,5
40,40,16,40,1900,3,4266057,62603263,0.820888372330208,0.4632617491643808,6.0,25-40,5
41,41,16,40,1900,3,4266057,62603263,0.820888372330208,0.4632617491643808,6.0,25-40,5
42,42,16,40,1900,3,4266057,62603263,0.820888372330208,0.4632617491643808,6.0,25-40,5
43,43,16,40,1900,3,4266057,62603263,0.820888372330208,0.4632617491643808,6.0,25-40,5
44,44,16,40,1900,3,4266057,62603263,0.820888372330208,0.4632617491643808,6.0,25-40,5
45,45,18,45,1900,3,3516438,66119701,0.8669978389600878,0.3818587559210055,5.0,45-60,5
46,46,18,45,1900,3,3516438,66119701,0.8669978389600878,0.3818587559210055,5.0,45-60,5
47,47,18,45,1900,3,3516438,66119701,0.8669978389600878,0.3818587559210055,5.0,45-60,5
48,48,18,45,1900,3,3516438,66119701,0.8669978389600878,0.3818587559210055,5.0,45-60,5
49,49,18,45,1900,3,3516438,66119701,0.8669978389600878,0.3818587559210055,5.0,45-60,5
50,50,20,50,1900,3,2983019,69102720,0.9061128226557473,0.32393345886625097,4.0,45-60,5
51,51,20,50,1900,3,2983019,69102720,0.9061128226557473,0.32393345886625097,4.0,45-60,5
52,52,20,50,1900,3,2983019,69102720,0.9061128226557473,0.32393345886625097,4.0,45-60,5
53,53,20,50,1900,3,2983019,69102720,0.9061128226557473,0.32393345886625097,4.0,45-60,5
54,54,20,50,1900,3,2983019,69102720,0.9061128226557473,0.32393345886625097,4.0,45-60,5
55,55,22,55,1900,3,2226540,71329260,0.9353084381706782,0.24178552114621543,3.0,45-60,5
56,56,22,55,1900,3,2226540,71329260,0.9353084381706782,0.24178552114621543,3.0,45-60,5
57,57,22,55,1900,3,2226540,71329260,0.9353084381706782,0.24178552114621543,3.0,45-60,5
58,58,22,55,1900,3,2226540,71329260,0.9353084381706782,0.24178552114621543,3.0,45-60,5
59,59,22,55,1900,3,2226540,71329260,0.9353084381706782,0.24178552114621543,3.0,45-60,5
60,60,24,60,1900,3,1804079,73133339,0.9589645129964443,0.19590942952021667,2.0,45-60,5
61,61,24,60,1900,3,1804079,73133339,0.9589645129964443,0.19590942952021667,2.0,45-60,5
62,62,24,60,1900,3,1804079,73133339,0.9589645129964443,0.19590942952021667,2.0,45-60,5
63,63,24,60,1900,3,1804079,73133339,0.9589645129964443,0.19590942952021667,2.0,45-60,5
64,64,24,60,1900,3,1804079,73133339,0.9589645129964443,0.19590942952021667,2.0,45-60,5
65,65,26,65,1900,3,1312875,74446214,0.9761796511566232,0.14256836440164453,2.0,65-90,5
66,66,26,65,1900,3,1312875,74446214,0.9761796511566232,0.14256836440164453,2.0,65-90,5
67,67,26,65,1900,3,1312875,74446214,0.9761796511566232,0.14256836440164453,2.0,65-90,5
68,68,26,65,1900,3,1312875,74446214,0.9761796511566232,0.14256836440164453,2.0,65-90,5
69,69,26,65,1900,3,1312875,74446214,0.9761796511566232,0.14256836440164453,2.0,65-90,5
70,70,28,70,1900,3,894754,75340968,0.9879121570915925,0.09716356417924711,1.0,65-90,5
71,71,28,70,1900,3,894754,75340968,0.9879121570915925,0.09716356417924711,1.0,65-90,5
72,72,28,70,1900,3,894754,75340968,0.9879121570915925,0.09716356417924711,1.0,65-90,5
73,73,28,70,1900,3,894754,75340968,0.9879121570915925,0.09716356417924711,1.0,65-90,5
74,74,28,70,1900,3,894754,75340968,0.9879121570915925,0.09716356417924711,1.0,65-90,5
75,75,30,75,1900,3,534090,75875058,0.9949154385463921,0.05799816261508089,1.0,65-90,5
76,76,30,75,1900,3,534090,75875058,0.9949154385463921,0.05799816261508089,1.0,65-90,5
77,77,30,75,1900,3,534090,75875058,0.9949154385463921,0.05799816261508089,1.0,65-90,5
78,78,30,75,1900,3,534090,75875058,0.9949154385463921,0.05799816261508089,1.0,65-90,5
79,79,30,75,1900,3,534090,75875058,0.9949154385463921,0.05799816261508089,1.0,65-90,5
80,80,32,80,1900,3,259884,76134942,0.9983231803082658,0.0282214504915982,0.0,65-90,5
81,81,32,80,1900,3,259884,76134942,0.9983231803082658,0.0282214504915982,0.0,65-90,5
82,82,32,80,1900,3,259884,76134942,0.9983231803082658,0.0282214504915982,0.0,65-90,5
83,83,32,80,1900,3,259884,76134942,0.9983231803082658,0.0282214504915982,0.0,65-90,5
84,84,32,80,1900,3,259884,76134942,0.9983231803082658,0.0282214504915982,0.0,65-90,5
85,85,34,85,1900,3,92622,76227564,0.9995376908493852,0.010058053544784628,0.0,65-90,5
86,86,34,85,1900,3,92622,76227564,0.9995376908493852,0.010058053544784628,0.0,65-90,5
87,87,34,85,1900,3,92622,76227564,0.9995376908493852,0.010058053544784628,0.0,65-90,5
88,88,34,85,1900,3,92622,76227564,0.9995376908493852,0.010058053544784628,0.0,65-90,5
89,89,34,85,1900,3,92622,76227564,0.9995376908493852,0.010058053544784628,0.0,65-90,5
90,90,36,90,1900,3,35257,76262821,1.0,0.0038286453955698606,0.0,65-90,5
91,91,36,90,1900,3,35257,76262821,1.0,0.0038286453955698606,0.0,65-90,5
92,92,36,90,1900,3,35257,76262821,1.0,0.0038286453955698606,0.0,65-90,5
93,93,36,90,1900,3,35257,76262821,1.0,0.0038286453955698606,0.0,65-90,5
94,94,36,90,1900,3,35257,76262821,1.0,0.0038286453955698606,0.0,65-90,5
0,0,0,0,1900,3,9208740,9208740,0.12075005722644327,1.0,12.0,0-20,6
1,1,0,0,1900,3,9208740,9208740,0.12075005722644327,1.0,12.0,0-20,6
2,2,0,0,1900,3,9208740,9208740,0.12075005722644327,1.0,12.0,0-20,6
3,3,0,0,1900,3,9208740,9208740,0.12075005722644327,1.0,12.0,0-20,6
4,4,0,0,1900,3,9208740,9208740,0.12075005722644327,1.0,12.0,0-20,6
5,5,2,5,1900,3,8856266,18065006,0.23687828175147102,0.9617239709232751,12.0,0-20,6
6,6,2,5,1900,3,8856266,18065006,0.23687828175147102,0.9617239709232751,12.0,0-20,6
7,7,2,5,1900,3,8856266,18065006,0.23687828175147102,0.9617239709232751,12.0,0-20,6
8,8,2,5,1900,3,8856266,18065006,0.23687828175147102,0.9617239709232751,12.0,0-20,6
9,9,2,5,1900,3,8856266,18065006,0.23687828175147102,0.9617239709232751,12.0,0-20,6
10,10,4,10,1900,3,8059418,26124424,0.34255779759314176,0.8751922630023217,11.0,0-20,6
11,11,4,10,1900,3,8059418,26124424,0.34255779759314176,0.8751922630023217,11.0,0-20,6
12,12,4,10,1900,3,8059418,26124424,0.34255779759314176,0.8751922630023217,11.0,0-20,6
13,13,4,10,1900,3,8059418,26124424,0.34255779759314176,0.8751922630023217,11.0,0-20,6
14,14,4,10,1900,3,8059418,26124424,0.34255779759314176,0.8751922630023217,11.0,0-20,6
15,15,6,15,1900,3,7576589,33701013,0.4419061943695998,0.822760659981713,10.0,0-20,6
16,16,6,15,1900,3,7576589,33701013,0.4419061943695998,0.822760659981713,10.0,0-20,6
17,17,6,15,1900,3,7576589,33701013,0.4419061943695998,0.822760659981713,10.0,0-20,6
18,18,6,15,1900,3,7576589,33701013,0.4419061943695998,0.822760659981713,10.0,0-20,6
19,19,6,15,1900,3,7576589,33701013,0.4419061943695998,0.822760659981713,10.0,0-20,6
20,20,8,20,1900,3,7445099,41146112,0.5395304220388071,0.8084818335624635,10.0,0-20,6
21,21,8,20,1900,3,7445099,41146112,0.5395304220388071,0.8084818335624635,10.0,0-20,6
22,22,8,20,1900,3,7445099,41146112,0.5395304220388071,0.8084818335624635,10.0,0-20,6
23,23,8,20,1900,3,7445099,41146112,0.5395304220388071,0.8084818335624635,10.0,0-20,6
24,24,8,20,1900,3,7445099,41146112,0.5395304220388071,0.8084818335624635,10.0,0-20,6
25,25,10,25,1900,3,6625336,47771448,0.6264054669574838,0.7194617287489928,9.0,25-40,6
26,26,10,25,1900,3,6625336,47771448,0.6264054669574838,0.7194617287489928,9.0,25-40,6
27,27,10,25,1900,3,6625336,47771448,0.6264054669574838,0.7194617287489928,9.0,25-40,6
28,28,10,25,1900,3,6625336,47771448,0.6264054669574838,0.7194617287489928,9.0,25-40,6
29,29,10,25,1900,3,6625336,47771448,0.6264054669574838,0.7194617287489928,9.0,25-40,6
30,30,12,30,1900,3,5584138,53355586,0.6996277517717316,0.6063954460653683,7.0,25-40,6
31,31,12,30,1900,3,5584138,53355586,0.6996277517717316,0.6063954460653683,7.0,25-40,6
32,32,12,30,1900,3,5584138,53355586,0.6996277517717316,0.6063954460653683,7.0,25-40,6
33,33,12,30,1900,3,5584138,53355586,0.6996277517717316,0.6063954460653683,7.0,25-40,6
34,34,12,30,1900,3,5584138,53355586,0.6996277517717316,0.6063954460653683,7.0,25-40,6
35,35,14,35,1900,3,4981620,58337206,0.7649494896077867,0.5409665165918465,7.0,25-40,6
36,36,14,35,1900,3,4981620,58337206,0.7649494896077867,0.5409665165918465,7.0,25-40,6
37,37,14,35,1900,3,4981620,58337206,0.7649494896077867,0.5409665165918465,7.0,25-40,6
38,38,14,35,1900,3,4981620,58337206,0.7649494896077867,0.5409665165918465,7.0,25-40,6
39,39,14,35,1900,3,4981620,58337206,0.7649494896077867,0.5409665165918465,7.0,25-40,6
40,40,16,40,1900,3,4266057,62603263,0.820888372330208,0.4632617491643808,6.0,25-40,6
41,41,16,40,1900,3,4266057,62603263,0.820888372330208,0.4632617491643808,6.0,25-40,6
42,42,16,40,1900,3,4266057,62603263,0.820888372330208,0.4632617491643808,6.0,25-40,6
43,43,16,40,1900,3,4266057,62603263,0.820888372330208,0.4632617491643808,6.0,25-40,6
44,44,16,40,1900,3,4266057,62603263,0.820888372330208,0.4632617491643808,6.0,25-40,6
45,45,18,45,1900,3,3516438,66119701,0.8669978389600878,0.3818587559210055,5.0,45-60,6
46,46,18,45,1900,3,3516438,66119701,0.8669978389600878,0.3818587559210055,5.0,45-60,6
47,47,18,45,1900,3,3516438,66119701,0.8669978389600878,0.3818587559210055,5.0,45-60,6
48,48,18,45,1900,3,3516438,66119701,0.8669978389600878,0.3818587559210055,5.0,45-60,6
49,49,18,45,1900,3,3516438,66119701,0.8669978389600878,0.3818587559210055,5.0,45-60,6
50,50,20,50,1900,3,2983019,69102720,0.9061128226557473,0.32393345886625097,4.0,45-60,6
51,51,20,50,1900,3,2983019,69102720,0.9061128226557473,0.32393345886625097,4.0,45-60,6
52,52,20,50,1900,3,2983019,69102720,0.9061128226557473,0.32393345886625097,4.0,45-60,6
53,53,20,50,1900,3,2983019,69102720,0.9061128226557473,0.32393345886625097,4.0,45-60,6
54,54,20,50,1900,3,2983019,69102720,0.9061128226557473,0.32393345886625097,4.0,45-60,6
55,55,22,55,1900,3,2226540,71329260,0.9353084381706782,0.24178552114621543,3.0,45-60,6
56,56,22,55,1900,3,2226540,71329260,0.9353084381706782,0.24178552114621543,3.0,45-60,6
57,57,22,55,1900,3,2226540,71329260,0.9353084381706782,0.24178552114621543,3.0,45-60,6
58,58,22,55,1900,3,2226540,71329260,0.9353084381706782,0.24178552114621543,3.0,45-60,6
59,59,22,55,1900,3,2226540,71329260,0.9353084381706782,0.24178552114621543,3.0,45-60,6
60,60,24,60,1900,3,1804079,73133339,0.9589645129964443,0.19590942952021667,2.0,45-60,6
61,61,24,60,1900,3,1804079,73133339,0.9589645129964443,0.19590942952021667,2.0,45-60,6
62,62,24,60,1900,3,1804079,73133339,0.9589645129964443,0.19590942952021667,2.0,45-60,6
63,63,24,60,1900,3,1804079,73133339,0.9589645129964443,0.19590942952021667,2.0,45-60,6
64,64,24,60,1900,3,1804079,73133339,0.9589645129964443,0.19590942952021667,2.0,45-60,6
65,65,26,65,1900,3,1312875,74446214,0.9761796511566232,0.14256836440164453,2.0,65-90,6
66,66,26,65,1900,3,1312875,74446214,0.9761796511566232,0.14256836440164453,2.0,65-90,6
67,67,26,65,1900,3,1312875,74446214,0.9761796511566232,0.14256836440164453,2.0,65-90,6
68,68,26,65,1900,3,1312875,74446214,0.9761796511566232,0.14256836440164453,2.0,65-90,6
69,69,26,65,1900,3,1312875,74446214,0.9761796511566232,0.14256836440164453,2.0,65-90,6
70,70,28,70,1900,3,894754,75340968,0.9879121570915925,0.09716356417924711,1.0,65-90,6
71,71,28,70,1900,3,894754,75340968,0.9879121570915925,0.09716356417924711,1.0,65-90,6
72,72,28,70,1900,3,894754,75340968,0.9879121570915925,0.09716356417924711,1.0,65-90,6
73,73,28,70,1900,3,894754,75340968,0.9879121570915925,0.09716356417924711,1.0,65-90,6
74,74,28,70,1900,3,894754,75340968,0.9879121570915925,0.09716356417924711,1.0,65-90,6
75,75,30,75,1900,3,534090,75875058,0.9949154385463921,0.05799816261508089,1.0,65-90,6
76,76,30,75,1900,3,534090,75875058,0.9949154385463921,0.05799816261508089,1.0,65-90,6
77,77,30,75,1900,3,534090,75875058,0.9949154385463921,0.05799816261508089,1.0,65-90,6
78,78,30,75,1900,3,534090,75875058,0.9949154385463921,0.05799816261508089,1.0,65-90,6
79,79,30,75,1900,3,534090,75875058,0.9949154385463921,0.05799816261508089,1.0,65-90,6
80,80,32,80,1900,3,259884,76134942,0.9983231803082658,0.0282214504915982,0.0,65-90,6
81,81,32,80,1900,3,259884,76134942,0.9983231803082658,0.0282214504915982,0.0,65-90,6
82,82,32,80,1900,3,259884,76134942,0.9983231803082658,0.0282214504915982,0.0,65-90,6
83,83,32,80,1900,3,259884,76134942,0.9983231803082658,0.0282214504915982,0.0,65-90,6
84,84,32,80,1900,3,259884,76134942,0.9983231803082658,0.0282214504915982,0.0,65-90,6
85,85,34,85,1900,3,92622,76227564,0.9995376908493852,0.010058053544784628,0.0,65-90,6
86,86,34,85,1900,3,92622,76227564,0.9995376908493852,0.010058053544784628,0.0,65-90,6
87,87,34,85,1900,3,92622,76227564,0.9995376908493852,0.010058053544784628,0.0,65-90,6
88,88,34,85,1900,3,92622,76227564,0.9995376908493852,0.010058053544784628,0.0,65-90,6
89,89,34,85,1900,3,92622,76227564,0.9995376908493852,0.010058053544784628,0.0,65-90,6
90,90,36,90,1900,3,35257,76262821,1.0,0.0038286453955698606,0.0,65-90,6
91,91,36,90,1900,3,35257,76262821,1.0,0.0038286453955698606,0.0,65-90,6
92,92,36,90,1900,3,35257,76262821,1.0,0.0038286453955698606,0.0,65-90,6
93,93,36,90,1900,3,35257,76262821,1.0,0.0038286453955698606,0.0,65-90,6
94,94,36,90,1900,3,35257,76262821,1.0,0.0038286453955698606,0.0,65-90,6
0,0,0,0,1900,3,9208740,9208740,0.12075005722644327,1.0,12.0,0-20,7
1,1,0,0,1900,3,9208740,9208740,0.12075005722644327,1.0,12.0,0-20,7
2,2,0,0,1900,3,9208740,9208740,0.12075005722644327,1.0,12.0,0-20,7
3,3,0,0,1900,3,9208740,9208740,0.12075005722644327,1.0,12.0,0-20,7
4,4,0,0,1900,3,9208740,9208740,0.12075005722644327,1.0,12.0,0-20,7
5,5,2,5,1900,3,8856266,18065006,0.23687828175147102,0.9617239709232751,12.0,0-20,7
6,6,2,5,1900,3,8856266,18065006,0.23687828175147102,0.9617239709232751,12.0,0-20,7
7,7,2,5,1900,3,8856266,18065006,0.23687828175147102,0.9617239709232751,12.0,0-20,7
8,8,2,5,1900,3,8856266,18065006,0.23687828175147102,0.9617239709232751,12.0,0-20,7
9,9,2,5,1900,3,8856266,18065006,0.23687828175147102,0.9617239709232751,12.0,0-20,7
10,10,4,10,1900,3,8059418,26124424,0.34255779759314176,0.8751922630023217,11.0,0-20,7
11,11,4,10,1900,3,8059418,26124424,0.34255779759314176,0.8751922630023217,11.0,0-20,7
12,12,4,10,1900,3,8059418,26124424,0.34255779759314176,0.8751922630023217,11.0,0-20,7
13,13,4,10,1900,3,8059418,26124424,0.34255779759314176,0.8751922630023217,11.0,0-20,7
14,14,4,10,1900,3,8059418,26124424,0.34255779759314176,0.8751922630023217,11.0,0-20,7
15,15,6,15,1900,3,7576589,33701013,0.4419061943695998,0.822760659981713,10.0,0-20,7
16,16,6,15,1900,3,7576589,33701013,0.4419061943695998,0.822760659981713,10.0,0-20,7
17,17,6,15,1900,3,7576589,33701013,0.4419061943695998,0.822760659981713,10.0,0-20,7
18,18,6,15,1900,3,7576589,33701013,0.4419061943695998,0.822760659981713,10.0,0-20,7
19,19,6,15,1900,3,7576589,33701013,0.4419061943695998,0.822760659981713,10.0,0-20,7
20,20,8,20,1900,3,7445099,41146112,0.5395304220388071,0.8084818335624635,10.0,0-20,7
21,21,8,20,1900,3,7445099,41146112,0.5395304220388071,0.8084818335624635,10.0,0-20,7
22,22,8,20,1900,3,7445099,41146112,0.5395304220388071,0.8084818335624635,10.0,0-20,7
23,23,8,20,1900,3,7445099,41146112,0.5395304220388071,0.8084818335624635,10.0,0-20,7
24,24,8,20,1900,3,7445099,41146112,0.5395304220388071,0.8084818335624635,10.0,0-20,7
25,25,10,25,1900,3,6625336,47771448,0.6264054669574838,0.7194617287489928,9.0,25-40,7
26,26,10,25,1900,3,6625336,47771448,0.6264054669574838,0.7194617287489928,9.0,25-40,7
27,27,10,25,1900,3,6625336,47771448,0.6264054669574838,0.7194617287489928,9.0,25-40,7
28,28,10,25,1900,3,6625336,47771448,0.6264054669574838,0.7194617287489928,9.0,25-40,7
29,29,10,25,1900,3,6625336,47771448,0.6264054669574838,0.7194617287489928,9.0,25-40,7
30,30,12,30,1900,3,5584138,53355586,0.6996277517717316,0.6063954460653683,7.0,25-40,7
31,31,12,30,1900,3,5584138,53355586,0.6996277517717316,0.6063954460653683,7.0,25-40,7
32,32,12,30,1900,3,5584138,53355586,0.6996277517717316,0.6063954460653683,7.0,25-40,7
33,33,12,30,1900,3,5584138,53355586,0.6996277517717316,0.6063954460653683,7.0,25-40,7
34,34,12,30,1900,3,5584138,53355586,0.6996277517717316,0.6063954460653683,7.0,25-40,7
35,35,14,35,1900,3,4981620,58337206,0.7649494896077867,0.5409665165918465,7.0,25-40,7
36,36,14,35,1900,3,4981620,58337206,0.7649494896077867,0.5409665165918465,7.0,25-40,7
37,37,14,35,1900,3,4981620,58337206,0.7649494896077867,0.5409665165918465,7.0,25-40,7
38,38,14,35,1900,3,4981620,58337206,0.7649494896077867,0.5409665165918465,7.0,25-40,7
39,39,14,35,1900,3,4981620,58337206,0.7649494896077867,0.5409665165918465,7.0,25-40,7
40,40,16,40,1900,3,4266057,62603263,0.820888372330208,0.4632617491643808,6.0,25-40,7
41,41,16,40,1900,3,4266057,62603263,0.820888372330208,0.4632617491643808,6.0,25-40,7
42,42,16,40,1900,3,4266057,62603263,0.820888372330208,0.4632617491643808,6.0,25-40,7
43,43,16,40,1900,3,4266057,62603263,0.820888372330208,0.4632617491643808,6.0,25-40,7
44,44,16,40,1900,3,4266057,62603263,0.820888372330208,0.4632617491643808,6.0,25-40,7
45,45,18,45,1900,3,3516438,66119701,0.8669978389600878,0.3818587559210055,5.0,45-60,7
46,46,18,45,1900,3,3516438,66119701,0.8669978389600878,0.3818587559210055,5.0,45-60,7
47,47,18,45,1900,3,3516438,66119701,0.8669978389600878,0.3818587559210055,5.0,45-60,7
48,48,18,45,1900,3,3516438,66119701,0.8669978389600878,0.3818587559210055,5.0,45-60,7
49,49,18,45,1900,3,3516438,66119701,0.8669978389600878,0.3818587559210055,5.0,45-60,7
50,50,20,50,1900,3,2983019,69102720,0.9061128226557473,0.32393345886625097,4.0,45-60,7
51,51,20,50,1900,3,2983019,69102720,0.9061128226557473,0.32393345886625097,4.0,45-60,7
52,52,20,50,1900,3,2983019,69102720,0.9061128226557473,0.32393345886625097,4.0,45-60,7
53,53,20,50,1900,3,2983019,69102720,0.9061128226557473,0.32393345886625097,4.0,45-60,7
54,54,20,50,1900,3,2983019,69102720,0.9061128226557473,0.32393345886625097,4.0,45-60,7
55,55,22,55,1900,3,2226540,71329260,0.9353084381706782,0.24178552114621543,3.0,45-60,7
56,56,22,55,1900,3,2226540,71329260,0.9353084381706782,0.24178552114621543,3.0,45-60,7
57,57,22,55,1900,3,2226540,71329260,0.9353084381706782,0.24178552114621543,3.0,45-60,7
58,58,22,55,1900,3,2226540,71329260,0.9353084381706782,0.24178552114621543,3.0,45-60,7
59,59,22,55,1900,3,2226540,71329260,0.9353084381706782,0.24178552114621543,3.0,45-60,7
60,60,24,60,1900,3,1804079,73133339,0.9589645129964443,0.19590942952021667,2.0,45-60,7
61,61,24,60,1900,3,1804079,73133339,0.9589645129964443,0.19590942952021667,2.0,45-60,7
62,62,24,60,1900,3,1804079,73133339,0.9589645129964443,0.19590942952021667,2.0,45-60,7
63,63,24,60,1900,3,1804079,73133339,0.9589645129964443,0.19590942952021667,2.0,45-60,7
64,64,24,60,1900,3,1804079,73133339,0.9589645129964443,0.19590942952021667,2.0,45-60,7
65,65,26,65,1900,3,1312875,74446214,0.9761796511566232,0.14256836440164453,2.0,65-90,7
66,66,26,65,1900,3,1312875,74446214,0.9761796511566232,0.14256836440164453,2.0,65-90,7
67,67,26,65,1900,3,1312875,74446214,0.9761796511566232,0.14256836440164453,2.0,65-90,7
68,68,26,65,1900,3,1312875,74446214,0.9761796511566232,0.14256836440164453,2.0,65-90,7
69,69,26,65,1900,3,1312875,74446214,0.9761796511566232,0.14256836440164453,2.0,65-90,7
70,70,28,70,1900,3,894754,75340968,0.9879121570915925,0.09716356417924711,1.0,65-90,7
71,71,28,70,1900,3,894754,75340968,0.9879121570915925,0.09716356417924711,1.0,65-90,7
72,72,28,70,1900,3,894754,75340968,0.9879121570915925,0.09716356417924711,1.0,65-90,7
73,73,28,70,1900,3,894754,75340968,0.9879121570915925,0.09716356417924711,1.0,65-90,7
74,74,28,70,1900,3,894754,75340968,0.9879121570915925,0.09716356417924711,1.0,65-90,7
75,75,30,75,1900,3,534090,75875058,0.9949154385463921,0.05799816261508089,1.0,65-90,7
76,76,30,75,1900,3,534090,75875058,0.9949154385463921,0.05799816261508089,1.0,65-90,7
77,77,30,75,1900,3,534090,75875058,0.9949154385463921,0.05799816261508089,1.0,65-90,7
78,78,30,75,1900,3,534090,75875058,0.9949154385463921,0.05799816261508089,1.0,65-90,7
79,79,30,75,1900,3,534090,75875058,0.9949154385463921,0.05799816261508089,1.0,65-90,7
80,80,32,80,1900,3,259884,76134942,0.9983231803082658,0.0282214504915982,0.0,65-90,7
81,81,32,80,1900,3,259884,76134942,0.9983231803082658,0.0282214504915982,0.0,65-90,7
82,82,32,80,1900,3,259884,76134942,0.9983231803082658,0.0282214504915982,0.0,65-90,7
83,83,32,80,1900,3,259884,76134942,0.9983231803082658,0.0282214504915982,0.0,65-90,7
84,84,32,80,1900,3,259884,76134942,0.9983231803082658,0.0282214504915982,0.0,65-90,7
85,85,34,85,1900,3,92622,76227564,0.9995376908493852,0.010058053544784628,0.0,65-90,7
86,86,34,85,1900,3,92622,76227564,0.9995376908493852,0.010058053544784628,0.0,65-90,7
87,87,34,85,1900,3,92622,76227564,0.9995376908493852,0.010058053544784628,0.0,65-90,7
88,88,34,85,1900,3,92622,76227564,0.9995376908493852,0.010058053544784628,0.0,65-90,7
89,89,34,85,1900,3,92622,76227564,0.9995376908493852,0.010058053544784628,0.0,65-90,7
90,90,36,90,1900,3,35257,76262821,1.0,0.0038286453955698606,0.0,65-90,7
91,91,36,90,1900,3,35257,76262821,1.0,0.0038286453955698606,0.0,65-90,7
92,92,36,90,1900,3,35257,76262821,1.0,0.0038286453955698606,0.0,65-90,7
93,93,36,90,1900,3,35257,76262821,1.0,0.0038286453955698606,0.0,65-90,7
94,94,36,90,1900,3,35257,76262821,1.0,0.0038286453955698606,0.0,65-90,7
0,0,0,0,1900,3,9208740,9208740,0.12075005722644327,1.0,12.0,0-20,8
1,1,0,0,1900,3,9208740,9208740,0.12075005722644327,1.0,12.0,0-20,8
2,2,0,0,1900,3,9208740,9208740,0.12075005722644327,1.0,12.0,0-20,8
3,3,0,0,1900,3,9208740,9208740,0.12075005722644327,1.0,12.0,0-20,8
4,4,0,0,1900,3,9208740,9208740,0.12075005722644327,1.0,12.0,0-20,8
5,5,2,5,1900,3,8856266,18065006,0.23687828175147102,0.9617239709232751,12.0,0-20,8
6,6,2,5,1900,3,8856266,18065006,0.23687828175147102,0.9617239709232751,12.0,0-20,8
7,7,2,5,1900,3,8856266,18065006,0.23687828175147102,0.9617239709232751,12.0,0-20,8
8,8,2,5,1900,3,8856266,18065006,0.23687828175147102,0.9617239709232751,12.0,0-20,8
9,9,2,5,1900,3,8856266,18065006,0.23687828175147102,0.9617239709232751,12.0,0-20,8
10,10,4,10,1900,3,8059418,26124424,0.34255779759314176,0.8751922630023217,11.0,0-20,8
11,11,4,10,1900,3,8059418,26124424,0.34255779759314176,0.8751922630023217,11.0,0-20,8
12,12,4,10,1900,3,8059418,26124424,0.34255779759314176,0.8751922630023217,11.0,0-20,8
13,13,4,10,1900,3,8059418,26124424,0.34255779759314176,0.8751922630023217,11.0,0-20,8
14,14,4,10,1900,3,8059418,26124424,0.34255779759314176,0.8751922630023217,11.0,0-20,8
15,15,6,15,1900,3,7576589,33701013,0.4419061943695998,0.822760659981713,10.0,0-20,8
16,16,6,15,1900,3,7576589,33701013,0.4419061943695998,0.822760659981713,10.0,0-20,8
17,17,6,15,1900,3,7576589,33701013,0.4419061943695998,0.822760659981713,10.0,0-20,8
18,18,6,15,1900,3,7576589,33701013,0.4419061943695998,0.822760659981713,10.0,0-20,8
19,19,6,15,1900,3,7576589,33701013,0.4419061943695998,0.822760659981713,10.0,0-20,8
20,20,8,20,1900,3,7445099,41146112,0.5395304220388071,0.8084818335624635,10.0,0-20,8
21,21,8,20,1900,3,7445099,41146112,0.5395304220388071,0.8084818335624635,10.0,0-20,8
22,22,8,20,1900,3,7445099,41146112,0.5395304220388071,0.8084818335624635,10.0,0-20,8
23,23,8,20,1900,3,7445099,41146112,0.5395304220388071,0.8084818335624635,10.0,0-20,8
24,24,8,20,1900,3,7445099,41146112,0.5395304220388071,0.8084818335624635,10.0,0-20,8
25,25,10,25,1900,3,6625336,47771448,0.6264054669574838,0.7194617287489928,9.0,25-40,8
26,26,10,25,1900,3,6625336,47771448,0.6264054669574838,0.7194617287489928,9.0,25-40,8
27,27,10,25,1900,3,6625336,47771448,0.6264054669574838,0.7194617287489928,9.0,25-40,8
28,28,10,25,1900,3,6625336,47771448,0.6264054669574838,0.7194617287489928,9.0,25-40,8
29,29,10,25,1900,3,6625336,47771448,0.6264054669574838,0.7194617287489928,9.0,25-40,8
30,30,12,30,1900,3,5584138,53355586,0.6996277517717316,0.6063954460653683,7.0,25-40,8
31,31,12,30,1900,3,5584138,53355586,0.6996277517717316,0.6063954460653683,7.0,25-40,8
32,32,12,30,1900,3,5584138,53355586,0.6996277517717316,0.6063954460653683,7.0,25-40,8
33,33,12,30,1900,3,5584138,53355586,0.6996277517717316,0.6063954460653683,7.0,25-40,8
34,34,12,30,1900,3,5584138,53355586,0.6996277517717316,0.6063954460653683,7.0,25-40,8
35,35,14,35,1900,3,4981620,58337206,0.7649494896077867,0.5409665165918465,7.0,25-40,8
36,36,14,35,1900,3,4981620,58337206,0.7649494896077867,0.5409665165918465,7.0,25-40,8
37,37,14,35,1900,3,4981620,58337206,0.7649494896077867,0.5409665165918465,7.0,25-40,8
38,38,14,35,1900,3,4981620,58337206,0.7649494896077867,0.5409665165918465,7.0,25-40,8
39,39,14,35,1900,3,4981620,58337206,0.7649494896077867,0.5409665165918465,7.0,25-40,8
40,40,16,40,1900,3,4266057,62603263,0.820888372330208,0.4632617491643808,6.0,25-40,8
41,41,16,40,1900,3,4266057,62603263,0.820888372330208,0.4632617491643808,6.0,25-40,8
42,42,16,40,1900,3,4266057,62603263,0.820888372330208,0.4632617491643808,6.0,25-40,8
43,43,16,40,1900,3,4266057,62603263,0.820888372330208,0.4632617491643808,6.0,25-40,8
44,44,16,40,1900,3,4266057,62603263,0.820888372330208,0.4632617491643808,6.0,25-40,8
45,45,18,45,1900,3,3516438,66119701,0.8669978389600878,0.3818587559210055,5.0,45-60,8
46,46,18,45,1900,3,3516438,66119701,0.8669978389600878,0.3818587559210055,5.0,45-60,8
47,47,18,45,1900,3,3516438,66119701,0.8669978389600878,0.3818587559210055,5.0,45-60,8
48,48,18,45,1900,3,3516438,66119701,0.8669978389600878,0.3818587559210055,5.0,45-60,8
49,49,18,45,1900,3,3516438,66119701,0.8669978389600878,0.3818587559210055,5.0,45-60,8
50,50,20,50,1900,3,2983019,69102720,0.9061128226557473,0.32393345886625097,4.0,45-60,8
51,51,20,50,1900,3,2983019,69102720,0.9061128226557473,0.32393345886625097,4.0,45-60,8
52,52,20,50,1900,3,2983019,69102720,0.9061128226557473,0.32393345886625097,4.0,45-60,8
53,53,20,50,1900,3,2983019,69102720,0.9061128226557473,0.32393345886625097,4.0,45-60,8
54,54,20,50,1900,3,2983019,69102720,0.9061128226557473,0.32393345886625097,4.0,45-60,8
55,55,22,55,1900,3,2226540,71329260,0.9353084381706782,0.24178552114621543,3.0,45-60,8
56,56,22,55,1900,3,2226540,71329260,0.9353084381706782,0.24178552114621543,3.0,45-60,8
57,57,22,55,1900,3,2226540,71329260,0.9353084381706782,0.24178552114621543,3.0,45-60,8
58,58,22,55,1900,3,2226540,71329260,0.9353084381706782,0.24178552114621543,3.0,45-60,8
59,59,22,55,1900,3,2226540,71329260,0.9353084381706782,0.24178552114621543,3.0,45-60,8
60,60,24,60,1900,3,1804079,73133339,0.9589645129964443,0.19590942952021667,2.0,45-60,8
61,61,24,60,1900,3,1804079,73133339,0.9589645129964443,0.19590942952021667,2.0,45-60,8
62,62,24,60,1900,3,1804079,73133339,0.9589645129964443,0.19590942952021667,2.0,45-60,8
63,63,24,60,1900,3,1804079,73133339,0.9589645129964443,0.19590942952021667,2.0,45-60,8
64,64,24,60,1900,3,1804079,73133339,0.9589645129964443,0.19590942952021667,2.0,45-60,8
65,65,26,65,1900,3,1312875,74446214,0.9761796511566232,0.14256836440164453,2.0,65-90,8
66,66,26,65,1900,3,1312875,74446214,0.9761796511566232,0.14256836440164453,2.0,65-90,8
67,67,26,65,1900,3,1312875,74446214,0.9761796511566232,0.14256836440164453,2.0,65-90,8
68,68,26,65,1900,3,1312875,74446214,0.9761796511566232,0.14256836440164453,2.0,65-90,8
69,69,26,65,1900,3,1312875,74446214,0.9761796511566232,0.14256836440164453,2.0,65-90,8
70,70,28,70,1900,3,894754,75340968,0.9879121570915925,0.09716356417924711,1.0,65-90,8
71,71,28,70,1900,3,894754,75340968,0.9879121570915925,0.09716356417924711,1.0,65-90,8
72,72,28,70,1900,3,894754,75340968,0.9879121570915925,0.09716356417924711,1.0,65-90,8
73,73,28,70,1900,3,894754,75340968,0.9879121570915925,0.09716356417924711,1.0,65-90,8
74,74,28,70,1900,3,894754,75340968,0.9879121570915925,0.09716356417924711,1.0,65-90,8
75,75,30,75,1900,3,534090,75875058,0.9949154385463921,0.05799816261508089,1.0,65-90,8
76,76,30,75,1900,3,534090,75875058,0.9949154385463921,0.05799816261508089,1.0,65-90,8
77,77,30,75,1900,3,534090,75875058,0.9949154385463921,0.05799816261508089,1.0,65-90,8
78,78,30,75,1900,3,534090,75875058,0.9949154385463921,0.05799816261508089,1.0,65-90,8
79,79,30,75,1900,3,534090,75875058,0.9949154385463921,0.05799816261508089,1.0,65-90,8
80,80,32,80,1900,3,259884,76134942,0.9983231803082658,0.0282214504915982,0.0,65-90,8
81,81,32,80,1900,3,259884,76134942,0.9983231803082658,0.0282214504915982,0.0,65-90,8
82,82,32,80,1900,3,259884,76134942,0.9983231803082658,0.0282214504915982,0.0,65-90,8
83,83,32,80,1900,3,259884,76134942,0.9983231803082658,0.0282214504915982,0.0,65-90,8
84,84,32,80,1900,3,259884,76134942,0.9983231803082658,0.0282214504915982,0.0,65-90,8
85,85,34,85,1900,3,92622,76227564,0.9995376908493852,0.010058053544784628,0.0,65-90,8
86,86,34,85,1900,3,92622,76227564,0.9995376908493852,0.010058053544784628,0.0,65-90,8
87,87,34,85,1900,3,92622,76227564,0.9995376908493852,0.010058053544784628,0.0,65-90,8
88,88,34,85,1900,3,92622,76227564,0.9995376908493852,0.010058053544784628,0.0,65-90,8
89,89,34,85,1900,3,92622,76227564,0.9995376908493852,0.010058053544784628,0.0,65-90,8
90,90,36,90,1900,3,35257,76262821,1.0,0.0038286453955698606,0.0,65-90,8
91,91,36,90,1900,3,35257,76262821,1.0,0.0038286453955698606,0.0,65-90,8
92,92,36,90,1900,3,35257,76262821,1.0,0.0038286453955698606,0.0,65-90,8
93,93,36,90,1900,3,35257,76262821,1.0,0.0038286453955698606,0.0,65-90,8
94,94,36,90,1900,3,35257,76262821,1.0,0.0038286453955698606,0.0,65-90,8
0,0,0,0,1900,3,9208740,9208740,0.12075005722644327,1.0,12.0,0-20,9
1,1,0,0,1900,3,9208740,9208740,0.12075005722644327,1.0,12.0,0-20,9
2,2,0,0,1900,3,9208740,9208740,0.12075005722644327,1.0,12.0,0-20,9
3,3,0,0,1900,3,9208740,9208740,0.12075005722644327,1.0,12.0,0-20,9
4,4,0,0,1900,3,9208740,9208740,0.12075005722644327,1.0,12.0,0-20,9
5,5,2,5,1900,3,8856266,18065006,0.23687828175147102,0.9617239709232751,12.0,0-20,9
6,6,2,5,1900,3,8856266,18065006,0.23687828175147102,0.9617239709232751,12.0,0-20,9
7,7,2,5,1900,3,8856266,18065006,0.23687828175147102,0.9617239709232751,12.0,0-20,9
8,8,2,5,1900,3,8856266,18065006,0.23687828175147102,0.9617239709232751,12.0,0-20,9
9,9,2,5,1900,3,8856266,18065006,0.23687828175147102,0.9617239709232751,12.0,0-20,9
10,10,4,10,1900,3,8059418,26124424,0.34255779759314176,0.8751922630023217,11.0,0-20,9
11,11,4,10,1900,3,8059418,26124424,0.34255779759314176,0.8751922630023217,11.0,0-20,9
12,12,4,10,1900,3,8059418,26124424,0.34255779759314176,0.8751922630023217,11.0,0-20,9
13,13,4,10,1900,3,8059418,26124424,0.34255779759314176,0.8751922630023217,11.0,0-20,9
14,14,4,10,1900,3,8059418,26124424,0.34255779759314176,0.8751922630023217,11.0,0-20,9
15,15,6,15,1900,3,7576589,33701013,0.4419061943695998,0.822760659981713,10.0,0-20,9
16,16,6,15,1900,3,7576589,33701013,0.4419061943695998,0.822760659981713,10.0,0-20,9
17,17,6,15,1900,3,7576589,33701013,0.4419061943695998,0.822760659981713,10.0,0-20,9
18,18,6,15,1900,3,7576589,33701013,0.4419061943695998,0.822760659981713,10.0,0-20,9
19,19,6,15,1900,3,7576589,33701013,0.4419061943695998,0.822760659981713,10.0,0-20,9
20,20,8,20,1900,3,7445099,41146112,0.5395304220388071,0.8084818335624635,10.0,0-20,9
21,21,8,20,1900,3,7445099,41146112,0.5395304220388071,0.8084818335624635,10.0,0-20,9
22,22,8,20,1900,3,7445099,41146112,0.5395304220388071,0.8084818335624635,10.0,0-20,9
23,23,8,20,1900,3,7445099,41146112,0.5395304220388071,0.8084818335624635,10.0,0-20,9
24,24,8,20,1900,3,7445099,41146112,0.5395304220388071,0.8084818335624635,10.0,0-20,9
25,25,10,25,1900,3,6625336,47771448,0.6264054669574838,0.7194617287489928,9.0,25-40,9
26,26,10,25,1900,3,6625336,47771448,0.6264054669574838,0.7194617287489928,9.0,25-40,9
27,27,10,25,1900,3,6625336,47771448,0.6264054669574838,0.7194617287489928,9.0,25-40,9
28,28,10,25,1900,3,6625336,47771448,0.6264054669574838,0.7194617287489928,9.0,25-40,9
29,29,10,25,1900,3,6625336,47771448,0.6264054669574838,0.7194617287489928,9.0,25-40,9
30,30,12,30,1900,3,5584138,53355586,0.6996277517717316,0.6063954460653683,7.0,25-40,9
31,31,12,30,1900,3,5584138,53355586,0.6996277517717316,0.6063954460653683,7.0,25-40,9
32,32,12,30,1900,3,5584138,53355586,0.6996277517717316,0.6063954460653683,7.0,25-40,9
33,33,12,30,1900,3,5584138,53355586,0.6996277517717316,0.6063954460653683,7.0,25-40,9
34,34,12,30,1900,3,5584138,53355586,0.6996277517717316,0.6063954460653683,7.0,25-40,9
35,35,14,35,1900,3,4981620,58337206,0.7649494896077867,0.5409665165918465,7.0,25-40,9
36,36,14,35,1900,3,4981620,58337206,0.7649494896077867,0.5409665165918465,7.0,25-40,9
37,37,14,35,1900,3,4981620,58337206,0.7649494896077867,0.5409665165918465,7.0,25-40,9
38,38,14,35,1900,3,4981620,58337206,0.7649494896077867,0.5409665165918465,7.0,25-40,9
39,39,14,35,1900,3,4981620,58337206,0.7649494896077867,0.5409665165918465,7.0,25-40,9
40,40,16,40,1900,3,4266057,62603263,0.820888372330208,0.4632617491643808,6.0,25-40,9
41,41,16,40,1900,3,4266057,62603263,0.820888372330208,0.4632617491643808,6.0,25-40,9
42,42,16,40,1900,3,4266057,62603263,0.820888372330208,0.4632617491643808,6.0,25-40,9
43,43,16,40,1900,3,4266057,62603263,0.820888372330208,0.4632617491643808,6.0,25-40,9
44,44,16,40,1900,3,4266057,62603263,0.820888372330208,0.4632617491643808,6.0,25-40,9
45,45,18,45,1900,3,3516438,66119701,0.8669978389600878,0.3818587559210055,5.0,45-60,9
46,46,18,45,1900,3,3516438,66119701,0.8669978389600878,0.3818587559210055,5.0,45-60,9
47,47,18,45,1900,3,3516438,66119701,0.8669978389600878,0.3818587559210055,5.0,45-60,9
48,48,18,45,1900,3,3516438,66119701,0.8669978389600878,0.3818587559210055,5.0,45-60,9
49,49,18,45,1900,3,3516438,66119701,0.8669978389600878,0.3818587559210055,5.0,45-60,9
50,50,20,50,1900,3,2983019,69102720,0.9061128226557473,0.32393345886625097,4.0,45-60,9
51,51,20,50,1900,3,2983019,69102720,0.9061128226557473,0.32393345886625097,4.0,45-60,9
52,52,20,50,1900,3,2983019,69102720,0.9061128226557473,0.32393345886625097,4.0,45-60,9
53,53,20,50,1900,3,2983019,69102720,0.9061128226557473,0.32393345886625097,4.0,45-60,9
54,54,20,50,1900,3,2983019,69102720,0.9061128226557473,0.32393345886625097,4.0,45-60,9
55,55,22,55,1900,3,2226540,71329260,0.9353084381706782,0.24178552114621543,3.0,45-60,9
56,56,22,55,1900,3,2226540,71329260,0.9353084381706782,0.24178552114621543,3.0,45-60,9
57,57,22,55,1900,3,2226540,71329260,0.9353084381706782,0.24178552114621543,3.0,45-60,9
58,58,22,55,1900,3,2226540,71329260,0.9353084381706782,0.24178552114621543,3.0,45-60,9
59,59,22,55,1900,3,2226540,71329260,0.9353084381706782,0.24178552114621543,3.0,45-60,9
60,60,24,60,1900,3,1804079,73133339,0.9589645129964443,0.19590942952021667,2.0,45-60,9
61,61,24,60,1900,3,1804079,73133339,0.9589645129964443,0.19590942952021667,2.0,45-60,9
62,62,24,60,1900,3,1804079,73133339,0.9589645129964443,0.19590942952021667,2.0,45-60,9
63,63,24,60,1900,3,1804079,73133339,0.9589645129964443,0.19590942952021667,2.0,45-60,9
64,64,24,60,1900,3,1804079,73133339,0.9589645129964443,0.19590942952021667,2.0,45-60,9
65,65,26,65,1900,3,1312875,74446214,0.9761796511566232,0.14256836440164453,2.0,65-90,9
66,66,26,65,1900,3,1312875,74446214,0.9761796511566232,0.14256836440164453,2.0,65-90,9
67,67,26,65,1900,3,1312875,74446214,0.9761796511566232,0.14256836440164453,2.0,65-90,9
68,68,26,65,1900,3,1312875,74446214,0.9761796511566232,0.14256836440164453,2.0,65-90,9
69,69,26,65,1900,3,1312875,74446214,0.9761796511566232,0.14256836440164453,2.0,65-90,9
70,70,28,70,1900,3,894754,75340968,0.9879121570915925,0.09716356417924711,1.0,65-90,9
71,71,28,70,1900,3,894754,75340968,0.9879121570915925,0.09716356417924711,1.0,65-90,9
72,72,28,70,1900,3,894754,75340968,0.9879121570915925,0.09716356417924711,1.0,65-90,9
73,73,28,70,1900,3,894754,75340968,0.9879121570915925,0.09716356417924711,1.0,65-90,9
74,74,28,70,1900,3,894754,75340968,0.9879121570915925,0.09716356417924711,1.0,65-90,9
75,75,30,75,1900,3,534090,75875058,0.9949154385463921,0.05799816261508089,1.0,65-90,9
76,76,30,75,1900,3,534090,75875058,0.9949154385463921,0.05799816261508089,1.0,65-90,9
77,77,30,75,1900,3,534090,75875058,0.9949154385463921,0.05799816261508089,1.0,65-90,9
78,78,30,75,1900,3,534090,75875058,0.9949154385463921,0.05799816261508089,1.0,65-90,9
79,79,30,75,1900,3,534090,75875058,0.9949154385463921,0.05799816261508089,1.0,65-90,9
80,80,32,80,1900,3,259884,76134942,0.9983231803082658,0.0282214504915982,0.0,65-90,9
81,81,32,80,1900,3,259884,76134942,0.9983231803082658,0.0282214504915982,0.0,65-90,9
82,82,32,80,1900,3,259884,76134942,0.9983231803082658,0.0282214504915982,0.0,65-90,9
83,83,32,80,1900,3,259884,76134942,0.9983231803082658,0.0282214504915982,0.0,65-90,9
84,84,32,80,1900,3,259884,76134942,0.9983231803082658,0.0282214504915982,0.0,65-90,9
85,85,34,85,1900,3,92622,76227564,0.9995376908493852,0.010058053544784628,0.0,65-90,9
86,86,34,85,1900,3,92622,76227564,0.9995376908493852,0.010058053544784628,0.0,65-90,9
87,87,34,85,1900,3,92622,76227564,0.9995376908493852,0.010058053544784628,0.0,65-90,9
88,88,34,85,1900,3,92622,76227564,0.9995376908493852,0.010058053544784628,0.0,65-90,9
89,89,34,85,1900,3,92622,76227564,0.9995376908493852,0.010058053544784628,0.0,65-90,9
90,90,36,90,1900,3,35257,76262821,1.0,0.0038286453955698606,0.0,65-90,9
91,91,36,90,1900,3,35257,76262821,1.0,0.0038286453955698606,0.0,65-90,9
92,92,36,90,1900,3,35257,76262821,1.0,0.0038286453955698606,0.0,65-90,9
93,93,36,90,1900,3,35257,76262821,1.0,0.0038286453955698606,0.0,65-90,9
94,94,36,90,1900,3,35257,76262821,1.0,0.0038286453955698606,0.0,65-90,9
0,0,0,0,1900,3,9208740,9208740,0.12075005722644327,1.0,12.0,0-20,10
1,1,0,0,1900,3,9208740,9208740,0.12075005722644327,1.0,12.0,0-20,10
2,2,0,0,1900,3,9208740,9208740,0.12075005722644327,1.0,12.0,0-20,10
3,3,0,0,1900,3,9208740,9208740,0.12075005722644327,1.0,12.0,0-20,10
4,4,0,0,1900,3,9208740,9208740,0.12075005722644327,1.0,12.0,0-20,10
5,5,2,5,1900,3,8856266,18065006,0.23687828175147102,0.9617239709232751,12.0,0-20,10
6,6,2,5,1900,3,8856266,18065006,0.23687828175147102,0.9617239709232751,12.0,0-20,10
7,7,2,5,1900,3,8856266,18065006,0.23687828175147102,0.9617239709232751,12.0,0-20,10
8,8,2,5,1900,3,8856266,18065006,0.23687828175147102,0.9617239709232751,12.0,0-20,10
9,9,2,5,1900,3,8856266,18065006,0.23687828175147102,0.9617239709232751,12.0,0-20,10
10,10,4,10,1900,3,8059418,26124424,0.34255779759314176,0.8751922630023217,11.0,0-20,10
11,11,4,10,1900,3,8059418,26124424,0.34255779759314176,0.8751922630023217,11.0,0-20,10
12,12,4,10,1900,3,8059418,26124424,0.34255779759314176,0.8751922630023217,11.0,0-20,10
13,13,4,10,1900,3,8059418,26124424,0.34255779759314176,0.8751922630023217,11.0,0-20,10
14,14,4,10,1900,3,8059418,26124424,0.34255779759314176,0.8751922630023217,11.0,0-20,10
15,15,6,15,1900,3,7576589,33701013,0.4419061943695998,0.822760659981713,10.0,0-20,10
16,16,6,15,1900,3,7576589,33701013,0.4419061943695998,0.822760659981713,10.0,0-20,10
17,17,6,15,1900,3,7576589,33701013,0.4419061943695998,0.822760659981713,10.0,0-20,10
18,18,6,15,1900,3,7576589,33701013,0.4419061943695998,0.822760659981713,10.0,0-20,10
19,19,6,15,1900,3,7576589,33701013,0.4419061943695998,0.822760659981713,10.0,0-20,10
20,20,8,20,1900,3,7445099,41146112,0.5395304220388071,0.8084818335624635,10.0,0-20,10
21,21,8,20,1900,3,7445099,41146112,0.5395304220388071,0.8084818335624635,10.0,0-20,10
22,22,8,20,1900,3,7445099,41146112,0.5395304220388071,0.8084818335624635,10.0,0-20,10
23,23,8,20,1900,3,7445099,41146112,0.5395304220388071,0.8084818335624635,10.0,0-20,10
24,24,8,20,1900,3,7445099,41146112,0.5395304220388071,0.8084818335624635,10.0,0-20,10
25,25,10,25,1900,3,6625336,47771448,0.6264054669574838,0.7194617287489928,9.0,25-40,10
26,26,10,25,1900,3,6625336,47771448,0.6264054669574838,0.7194617287489928,9.0,25-40,10
27,27,10,25,1900,3,6625336,47771448,0.6264054669574838,0.7194617287489928,9.0,25-40,10
28,28,10,25,1900,3,6625336,47771448,0.6264054669574838,0.7194617287489928,9.0,25-40,10
29,29,10,25,1900,3,6625336,47771448,0.6264054669574838,0.7194617287489928,9.0,25-40,10
30,30,12,30,1900,3,5584138,53355586,0.6996277517717316,0.6063954460653683,7.0,25-40,10
31,31,12,30,1900,3,5584138,53355586,0.6996277517717316,0.6063954460653683,7.0,25-40,10
32,32,12,30,1900,3,5584138,53355586,0.6996277517717316,0.6063954460653683,7.0,25-40,10
33,33,12,30,1900,3,5584138,53355586,0.6996277517717316,0.6063954460653683,7.0,25-40,10
34,34,12,30,1900,3,5584138,53355586,0.6996277517717316,0.6063954460653683,7.0,25-40,10
35,35,14,35,1900,3,4981620,58337206,0.7649494896077867,0.5409665165918465,7.0,25-40,10
36,36,14,35,1900,3,4981620,58337206,0.7649494896077867,0.5409665165918465,7.0,25-40,10
37,37,14,35,1900,3,4981620,58337206,0.7649494896077867,0.5409665165918465,7.0,25-40,10
38,38,14,35,1900,3,4981620,58337206,0.7649494896077867,0.5409665165918465,7.0,25-40,10
39,39,14,35,1900,3,4981620,58337206,0.7649494896077867,0.5409665165918465,7.0,25-40,10
40,40,16,40,1900,3,4266057,62603263,0.820888372330208,0.4632617491643808,6.0,25-40,10
41,41,16,40,1900,3,4266057,62603263,0.820888372330208,0.4632617491643808,6.0,25-40,10
42,42,16,40,1900,3,4266057,62603263,0.820888372330208,0.4632617491643808,6.0,25-40,10
43,43,16,40,1900,3,4266057,62603263,0.820888372330208,0.4632617491643808,6.0,25-40,10
44,44,16,40,1900,3,4266057,62603263,0.820888372330208,0.4632617491643808,6.0,25-40,10
45,45,18,45,1900,3,3516438,66119701,0.8669978389600878,0.3818587559210055,5.0,45-60,10
46,46,18,45,1900,3,3516438,66119701,0.8669978389600878,0.3818587559210055,5.0,45-60,10
47,47,18,45,1900,3,3516438,66119701,0.8669978389600878,0.3818587559210055,5.0,45-60,10
48,48,18,45,1900,3,3516438,66119701,0.8669978389600878,0.3818587559210055,5.0,45-60,10
49,49,18,45,1900,3,3516438,66119701,0.8669978389600878,0.3818587559210055,5.0,45-60,10
50,50,20,50,1900,3,2983019,69102720,0.9061128226557473,0.32393345886625097,4.0,45-60,10
51,51,20,50,1900,3,2983019,69102720,0.9061128226557473,0.32393345886625097,4.0,45-60,10
52,52,20,50,1900,3,2983019,69102720,0.9061128226557473,0.32393345886625097,4.0,45-60,10
53,53,20,50,1900,3,2983019,69102720,0.9061128226557473,0.32393345886625097,4.0,45-60,10
54,54,20,50,1900,3,2983019,69102720,0.9061128226557473,0.32393345886625097,4.0,45-60,10
55,55,22,55,1900,3,2226540,71329260,0.9353084381706782,0.24178552114621543,3.0,45-60,10
56,56,22,55,1900,3,2226540,71329260,0.9353084381706782,0.24178552114621543,3.0,45-60,10
57,57,22,55,1900,3,2226540,71329260,0.9353084381706782,0.24178552114621543,3.0,45-60,10
58,58,22,55,1900,3,2226540,71329260,0.9353084381706782,0.24178552114621543,3.0,45-60,10
59,59,22,55,1900,3,2226540,71329260,0.9353084381706782,0.24178552114621543,3.0,45-60,10
60,60,24,60,1900,3,1804079,73133339,0.9589645129964443,0.19590942952021667,2.0,45-60,10
61,61,24,60,1900,3,1804079,73133339,0.9589645129964443,0.19590942952021667,2.0,45-60,10
62,62,24,60,1900,3,1804079,73133339,0.9589645129964443,0.19590942952021667,2.0,45-60,10
63,63,24,60,1900,3,1804079,73133339,0.9589645129964443,0.19590942952021667,2.0,45-60,10
64,64,24,60,1900,3,1804079,73133339,0.9589645129964443,0.19590942952021667,2.0,45-60,10
65,65,26,65,1900,3,1312875,74446214,0.9761796511566232,0.14256836440164453,2.0,65-90,10
66,66,26,65,1900,3,1312875,74446214,0.9761796511566232,0.14256836440164453,2.0,65-90,10
67,67,26,65,1900,3,1312875,74446214,0.9761796511566232,0.14256836440164453,2.0,65-90,10
68,68,26,65,1900,3,1312875,74446214,0.9761796511566232,0.14256836440164453,2.0,65-90,10
69,69,26,65,1900,3,1312875,74446214,0.9761796511566232,0.14256836440164453,2.0,65-90,10
70,70,28,70,1900,3,894754,75340968,0.9879121570915925,0.09716356417924711,1.0,65-90,10
71,71,28,70,1900,3,894754,75340968,0.9879121570915925,0.09716356417924711,1.0,65-90,10
72,72,28,70,1900,3,894754,75340968,0.9879121570915925,0.09716356417924711,1.0,65-90,10
73,73,28,70,1900,3,894754,75340968,0.9879121570915925,0.09716356417924711,1.0,65-90,10
74,74,28,70,1900,3,894754,75340968,0.9879121570915925,0.09716356417924711,1.0,65-90,10
75,75,30,75,1900,3,534090,75875058,0.9949154385463921,0.05799816261508089,1.0,65-90,10
76,76,30,75,1900,3,534090,75875058,0.9949154385463921,0.05799816261508089,1.0,65-90,10
77,77,30,75,1900,3,534090,75875058,0.9949154385463921,0.05799816261508089,1.0,65-90,10
78,78,30,75,1900,3,534090,75875058,0.9949154385463921,0.05799816261508089,1.0,65-90,10
79,79,30,75,1900,3,534090,75875058,0.9949154385463921,0.05799816261508089,1.0,65-90,10
80,80,32,80,1900,3,259884,76134942,0.9983231803082658,0.0282214504915982,0.0,65-90,10
81,81,32,80,1900,3,259884,76134942,0.9983231803082658,0.0282214504915982,0.0,65-90,10
82,82,32,80,1900,3,259884,76134942,0.9983231803082658,0.0282214504915982,0.0,65-90,10
83,83,32,80,1900,3,259884,76134942,0.9983231803082658,0.0282214504915982,0.0,65-90,10
84,84,32,80,1900,3,259884,76134942,0.9983231803082658,0.0282214504915982,0.0,65-90,10
85,85,34,85,1900,3,92622,76227564,0.9995376908493852,0.010058053544784628,0.0,65-90,10
86,86,34,85,1900,3,92622,76227564,0.9995376908493852,0.010058053544784628,0.0,65-90,10
87,87,34,85,1900,3,92622,76227564,0.9995376908493852,0.010058053544784628,0.0,65-90,10
88,88,34,85,1900,3,92622,76227564,0.9995376908493852,0.010058053544784628,0.0,65-90,10
89,89,34,85,1900,3,92622,76227564,0.9995376908493852,0.010058053544784628,0.0,65-90,10
90,90,36,90,1900,3,35257,76262821,1.0,0.0038286453955698606,0.0,65-90,10
91,91,36,90,1900,3,35257,76262821,1.0,0.0038286453955698606,0.0,65-90,10
92,92,36,90,1900,3,35257,76262821,1.0,0.0038286453955698606,0.0,65-90,10
93,93,36,90,1900,3,35257,76262821,1.0,0.0038286453955698606,0.0,65-90,10
94,94,36,90,1900,3,35257,76262821,1.0,0.0038286453955698606,0.0,65-90,10
0,0,0,0,1900,3,9208740,9208740,0.12075005722644327,1.0,12.0,0-20,11
1,1,0,0,1900,3,9208740,9208740,0.12075005722644327,1.0,12.0,0-20,11
2,2,0,0,1900,3,9208740,9208740,0.12075005722644327,1.0,12.0,0-20,11
3,3,0,0,1900,3,9208740,9208740,0.12075005722644327,1.0,12.0,0-20,11
4,4,0,0,1900,3,9208740,9208740,0.12075005722644327,1.0,12.0,0-20,11
5,5,2,5,1900,3,8856266,18065006,0.23687828175147102,0.9617239709232751,12.0,0-20,11
6,6,2,5,1900,3,8856266,18065006,0.23687828175147102,0.9617239709232751,12.0,0-20,11
7,7,2,5,1900,3,8856266,18065006,0.23687828175147102,0.9617239709232751,12.0,0-20,11
8,8,2,5,1900,3,8856266,18065006,0.23687828175147102,0.9617239709232751,12.0,0-20,11
9,9,2,5,1900,3,8856266,18065006,0.23687828175147102,0.9617239709232751,12.0,0-20,11
10,10,4,10,1900,3,8059418,26124424,0.34255779759314176,0.8751922630023217,11.0,0-20,11
11,11,4,10,1900,3,8059418,26124424,0.34255779759314176,0.8751922630023217,11.0,0-20,11
12,12,4,10,1900,3,8059418,26124424,0.34255779759314176,0.8751922630023217,11.0,0-20,11
13,13,4,10,1900,3,8059418,26124424,0.34255779759314176,0.8751922630023217,11.0,0-20,11
14,14,4,10,1900,3,8059418,26124424,0.34255779759314176,0.8751922630023217,11.0,0-20,11
15,15,6,15,1900,3,7576589,33701013,0.4419061943695998,0.822760659981713,10.0,0-20,11
16,16,6,15,1900,3,7576589,33701013,0.4419061943695998,0.822760659981713,10.0,0-20,11
17,17,6,15,1900,3,7576589,33701013,0.4419061943695998,0.822760659981713,10.0,0-20,11
18,18,6,15,1900,3,7576589,33701013,0.4419061943695998,0.822760659981713,10.0,0-20,11
19,19,6,15,1900,3,7576589,33701013,0.4419061943695998,0.822760659981713,10.0,0-20,11
20,20,8,20,1900,3,7445099,41146112,0.5395304220388071,0.8084818335624635,10.0,0-20,11
21,21,8,20,1900,3,7445099,41146112,0.5395304220388071,0.8084818335624635,10.0,0-20,11
22,22,8,20,1900,3,7445099,41146112,0.5395304220388071,0.8084818335624635,10.0,0-20,11
23,23,8,20,1900,3,7445099,41146112,0.5395304220388071,0.8084818335624635,10.0,0-20,11
24,24,8,20,1900,3,7445099,41146112,0.5395304220388071,0.8084818335624635,10.0,0-20,11
25,25,10,25,1900,3,6625336,47771448,0.6264054669574838,0.7194617287489928,9.0,25-40,11
26,26,10,25,1900,3,6625336,47771448,0.6264054669574838,0.7194617287489928,9.0,25-40,11
27,27,10,25,1900,3,6625336,47771448,0.6264054669574838,0.7194617287489928,9.0,25-40,11
28,28,10,25,1900,3,6625336,47771448,0.6264054669574838,0.7194617287489928,9.0,25-40,11
29,29,10,25,1900,3,6625336,47771448,0.6264054669574838,0.7194617287489928,9.0,25-40,11
30,30,12,30,1900,3,5584138,53355586,0.6996277517717316,0.6063954460653683,7.0,25-40,11
31,31,12,30,1900,3,5584138,53355586,0.6996277517717316,0.6063954460653683,7.0,25-40,11
32,32,12,30,1900,3,5584138,53355586,0.6996277517717316,0.6063954460653683,7.0,25-40,11
33,33,12,30,1900,3,5584138,53355586,0.6996277517717316,0.6063954460653683,7.0,25-40,11
34,34,12,30,1900,3,5584138,53355586,0.6996277517717316,0.6063954460653683,7.0,25-40,11
35,35,14,35,1900,3,4981620,58337206,0.7649494896077867,0.5409665165918465,7.0,25-40,11
36,36,14,35,1900,3,4981620,58337206,0.7649494896077867,0.5409665165918465,7.0,25-40,11
37,37,14,35,1900,3,4981620,58337206,0.7649494896077867,0.5409665165918465,7.0,25-40,11
38,38,14,35,1900,3,4981620,58337206,0.7649494896077867,0.5409665165918465,7.0,25-40,11
39,39,14,35,1900,3,4981620,58337206,0.7649494896077867,0.5409665165918465,7.0,25-40,11
40,40,16,40,1900,3,4266057,62603263,0.820888372330208,0.4632617491643808,6.0,25-40,11
41,41,16,40,1900,3,4266057,62603263,0.820888372330208,0.4632617491643808,6.0,25-40,11
42,42,16,40,1900,3,4266057,62603263,0.820888372330208,0.4632617491643808,6.0,25-40,11
43,43,16,40,1900,3,4266057,62603263,0.820888372330208,0.4632617491643808,6.0,25-40,11
44,44,16,40,1900,3,4266057,62603263,0.820888372330208,0.4632617491643808,6.0,25-40,11
45,45,18,45,1900,3,3516438,66119701,0.8669978389600878,0.3818587559210055,5.0,45-60,11
46,46,18,45,1900,3,3516438,66119701,0.8669978389600878,0.3818587559210055,5.0,45-60,11
47,47,18,45,1900,3,3516438,66119701,0.8669978389600878,0.3818587559210055,5.0,45-60,11
48,48,18,45,1900,3,3516438,66119701,0.8669978389600878,0.3818587559210055,5.0,45-60,11
49,49,18,45,1900,3,3516438,66119701,0.8669978389600878,0.3818587559210055,5.0,45-60,11
50,50,20,50,1900,3,2983019,69102720,0.9061128226557473,0.32393345886625097,4.0,45-60,11
51,51,20,50,1900,3,2983019,69102720,0.9061128226557473,0.32393345886625097,4.0,45-60,11
52,52,20,50,1900,3,2983019,69102720,0.9061128226557473,0.32393345886625097,4.0,45-60,11
53,53,20,50,1900,3,2983019,69102720,0.9061128226557473,0.32393345886625097,4.0,45-60,11
54,54,20,50,1900,3,2983019,69102720,0.9061128226557473,0.32393345886625097,4.0,45-60,11
55,55,22,55,1900,3,2226540,71329260,0.9353084381706782,0.24178552114621543,3.0,45-60,11
56,56,22,55,1900,3,2226540,71329260,0.9353084381706782,0.24178552114621543,3.0,45-60,11
57,57,22,55,1900,3,2226540,71329260,0.9353084381706782,0.24178552114621543,3.0,45-60,11
58,58,22,55,1900,3,2226540,71329260,0.9353084381706782,0.24178552114621543,3.0,45-60,11
59,59,22,55,1900,3,2226540,71329260,0.9353084381706782,0.24178552114621543,3.0,45-60,11
60,60,24,60,1900,3,1804079,73133339,0.9589645129964443,0.19590942952021667,2.0,45-60,11
61,61,24,60,1900,3,1804079,73133339,0.9589645129964443,0.19590942952021667,2.0,45-60,11
62,62,24,60,1900,3,1804079,73133339,0.9589645129964443,0.19590942952021667,2.0,45-60,11
63,63,24,60,1900,3,1804079,73133339,0.9589645129964443,0.19590942952021667,2.0,45-60,11
64,64,24,60,1900,3,1804079,73133339,0.9589645129964443,0.19590942952021667,2.0,45-60,11
65,65,26,65,1900,3,1312875,74446214,0.9761796511566232,0.14256836440164453,2.0,65-90,11
66,66,26,65,1900,3,1312875,74446214,0.9761796511566232,0.14256836440164453,2.0,65-90,11
67,67,26,65,1900,3,1312875,74446214,0.9761796511566232,0.14256836440164453,2.0,65-90,11
68,68,26,65,1900,3,1312875,74446214,0.9761796511566232,0.14256836440164453,2.0,65-90,11
69,69,26,65,1900,3,1312875,74446214,0.9761796511566232,0.14256836440164453,2.0,65-90,11
70,70,28,70,1900,3,894754,75340968,0.9879121570915925,0.09716356417924711,1.0,65-90,11
71,71,28,70,1900,3,894754,75340968,0.9879121570915925,0.09716356417924711,1.0,65-90,11
72,72,28,70,1900,3,894754,75340968,0.9879121570915925,0.09716356417924711,1.0,65-90,11
73,73,28,70,1900,3,894754,75340968,0.9879121570915925,0.09716356417924711,1.0,65-90,11
74,74,28,70,1900,3,894754,75340968,0.9879121570915925,0.09716356417924711,1.0,65-90,11
75,75,30,75,1900,3,534090,75875058,0.9949154385463921,0.05799816261508089,1.0,65-90,11
76,76,30,75,1900,3,534090,75875058,0.9949154385463921,0.05799816261508089,1.0,65-90,11
77,77,30,75,1900,3,534090,75875058,0.9949154385463921,0.05799816261508089,1.0,65-90,11
78,78,30,75,1900,3,534090,75875058,0.9949154385463921,0.05799816261508089,1.0,65-90,11
79,79,30,75,1900,3,534090,75875058,0.9949154385463921,0.05799816261508089,1.0,65-90,11
80,80,32,80,1900,3,259884,76134942,0.9983231803082658,0.0282214504915982,0.0,65-90,11
81,81,32,80,1900,3,259884,76134942,0.9983231803082658,0.0282214504915982,0.0,65-90,11
82,82,32,80,1900,3,259884,76134942,0.9983231803082658,0.0282214504915982,0.0,65-90,11
83,83,32,80,1900,3,259884,76134942,0.9983231803082658,0.0282214504915982,0.0,65-90,11
84,84,32,80,1900,3,259884,76134942,0.9983231803082658,0.0282214504915982,0.0,65-90,11
85,85,34,85,1900,3,92622,76227564,0.9995376908493852,0.010058053544784628,0.0,65-90,11
86,86,34,85,1900,3,92622,76227564,0.9995376908493852,0.010058053544784628,0.0,65-90,11
87,87,34,85,1900,3,92622,76227564,0.9995376908493852,0.010058053544784628,0.0,65-90,11
88,88,34,85,1900,3,92622,76227564,0.9995376908493852,0.010058053544784628,0.0,65-90,11
89,89,34,85,1900,3,92622,76227564,0.9995376908493852,0.010058053544784628,0.0,65-90,11
90,90,36,90,1900,3,35257,76262821,1.0,0.0038286453955698606,0.0,65-90,11
91,91,36,90,1900,3,35257,76262821,1.0,0.0038286453955698606,0.0,65-90,11
92,92,36,90,1900,3,35257,76262821,1.0,0.0038286453955698606,0.0,65-90,11
93,93,36,90,1900,3,35257,76262821,1.0,0.0038286453955698606,0.0,65-90,11
94,94,36,90,1900,3,35257,76262821,1.0,0.0038286453955698606,0.0,65-90,11
0,0,0,0,1900,3,9208740,9208740,0.12075005722644327,1.0,12.0,0-20,12
1,1,0,0,1900,3,9208740,9208740,0.12075005722644327,1.0,12.0,0-20,12
2,2,0,0,1900,3,9208740,9208740,0.12075005722644327,1.0,12.0,0-20,12
3,3,0,0,1900,3,9208740,9208740,0.12075005722644327,1.0,12.0,0-20,12
4,4,0,0,1900,3,9208740,9208740,0.12075005722644327,1.0,12.0,0-20,12
5,5,2,5,1900,3,8856266,18065006,0.23687828175147102,0.9617239709232751,12.0,0-20,12
6,6,2,5,1900,3,8856266,18065006,0.23687828175147102,0.9617239709232751,12.0,0-20,12
7,7,2,5,1900,3,8856266,18065006,0.23687828175147102,0.9617239709232751,12.0,0-20,12
8,8,2,5,1900,3,8856266,18065006,0.23687828175147102,0.9617239709232751,12.0,0-20,12
9,9,2,5,1900,3,8856266,18065006,0.23687828175147102,0.9617239709232751,12.0,0-20,12
10,10,4,10,1900,3,8059418,26124424,0.34255779759314176,0.8751922630023217,11.0,0-20,12
11,11,4,10,1900,3,8059418,26124424,0.34255779759314176,0.8751922630023217,11.0,0-20,12
12,12,4,10,1900,3,8059418,26124424,0.34255779759314176,0.8751922630023217,11.0,0-20,12
13,13,4,10,1900,3,8059418,26124424,0.34255779759314176,0.8751922630023217,11.0,0-20,12
14,14,4,10,1900,3,8059418,26124424,0.34255779759314176,0.8751922630023217,11.0,0-20,12
15,15,6,15,1900,3,7576589,33701013,0.4419061943695998,0.822760659981713,10.0,0-20,12
16,16,6,15,1900,3,7576589,33701013,0.4419061943695998,0.822760659981713,10.0,0-20,12
17,17,6,15,1900,3,7576589,33701013,0.4419061943695998,0.822760659981713,10.0,0-20,12
18,18,6,15,1900,3,7576589,33701013,0.4419061943695998,0.822760659981713,10.0,0-20,12
19,19,6,15,1900,3,7576589,33701013,0.4419061943695998,0.822760659981713,10.0,0-20,12
20,20,8,20,1900,3,7445099,41146112,0.5395304220388071,0.8084818335624635,10.0,0-20,12
21,21,8,20,1900,3,7445099,41146112,0.5395304220388071,0.8084818335624635,10.0,0-20,12
22,22,8,20,1900,3,7445099,41146112,0.5395304220388071,0.8084818335624635,10.0,0-20,12
23,23,8,20,1900,3,7445099,41146112,0.5395304220388071,0.8084818335624635,10.0,0-20,12
24,24,8,20,1900,3,7445099,41146112,0.5395304220388071,0.8084818335624635,10.0,0-20,12
25,25,10,25,1900,3,6625336,47771448,0.6264054669574838,0.7194617287489928,9.0,25-40,12
26,26,10,25,1900,3,6625336,47771448,0.6264054669574838,0.7194617287489928,9.0,25-40,12
27,27,10,25,1900,3,6625336,47771448,0.6264054669574838,0.7194617287489928,9.0,25-40,12
28,28,10,25,1900,3,6625336,47771448,0.6264054669574838,0.7194617287489928,9.0,25-40,12
29,29,10,25,1900,3,6625336,47771448,0.6264054669574838,0.7194617287489928,9.0,25-40,12
30,30,12,30,1900,3,5584138,53355586,0.6996277517717316,0.6063954460653683,7.0,25-40,12
31,31,12,30,1900,3,5584138,53355586,0.6996277517717316,0.6063954460653683,7.0,25-40,12
32,32,12,30,1900,3,5584138,53355586,0.6996277517717316,0.6063954460653683,7.0,25-40,12
33,33,12,30,1900,3,5584138,53355586,0.6996277517717316,0.6063954460653683,7.0,25-40,12
34,34,12,30,1900,3,5584138,53355586,0.6996277517717316,0.6063954460653683,7.0,25-40,12
35,35,14,35,1900,3,4981620,58337206,0.7649494896077867,0.5409665165918465,7.0,25-40,12
36,36,14,35,1900,3,4981620,58337206,0.7649494896077867,0.5409665165918465,7.0,25-40,12
37,37,14,35,1900,3,4981620,58337206,0.7649494896077867,0.5409665165918465,7.0,25-40,12
38,38,14,35,1900,3,4981620,58337206,0.7649494896077867,0.5409665165918465,7.0,25-40,12
39,39,14,35,1900,3,4981620,58337206,0.7649494896077867,0.5409665165918465,7.0,25-40,12
40,40,16,40,1900,3,4266057,62603263,0.820888372330208,0.4632617491643808,6.0,25-40,12
41,41,16,40,1900,3,4266057,62603263,0.820888372330208,0.4632617491643808,6.0,25-40,12
42,42,16,40,1900,3,4266057,62603263,0.820888372330208,0.4632617491643808,6.0,25-40,12
43,43,16,40,1900,3,4266057,62603263,0.820888372330208,0.4632617491643808,6.0,25-40,12
44,44,16,40,1900,3,4266057,62603263,0.820888372330208,0.4632617491643808,6.0,25-40,12
45,45,18,45,1900,3,3516438,66119701,0.8669978389600878,0.3818587559210055,5.0,45-60,12
46,46,18,45,1900,3,3516438,66119701,0.8669978389600878,0.3818587559210055,5.0,45-60,12
47,47,18,45,1900,3,3516438,66119701,0.8669978389600878,0.3818587559210055,5.0,45-60,12
48,48,18,45,1900,3,3516438,66119701,0.8669978389600878,0.3818587559210055,5.0,45-60,12
49,49,18,45,1900,3,3516438,66119701,0.8669978389600878,0.3818587559210055,5.0,45-60,12
50,50,20,50,1900,3,2983019,69102720,0.9061128226557473,0.32393345886625097,4.0,45-60,12
51,51,20,50,1900,3,2983019,69102720,0.9061128226557473,0.32393345886625097,4.0,45-60,12
52,52,20,50,1900,3,2983019,69102720,0.9061128226557473,0.32393345886625097,4.0,45-60,12
53,53,20,50,1900,3,2983019,69102720,0.9061128226557473,0.32393345886625097,4.0,45-60,12
54,54,20,50,1900,3,2983019,69102720,0.9061128226557473,0.32393345886625097,4.0,45-60,12
55,55,22,55,1900,3,2226540,71329260,0.9353084381706782,0.24178552114621543,3.0,45-60,12
56,56,22,55,1900,3,2226540,71329260,0.9353084381706782,0.24178552114621543,3.0,45-60,12
57,57,22,55,1900,3,2226540,71329260,0.9353084381706782,0.24178552114621543,3.0,45-60,12
58,58,22,55,1900,3,2226540,71329260,0.9353084381706782,0.24178552114621543,3.0,45-60,12
59,59,22,55,1900,3,2226540,71329260,0.9353084381706782,0.24178552114621543,3.0,45-60,12
60,60,24,60,1900,3,1804079,73133339,0.9589645129964443,0.19590942952021667,2.0,45-60,12
61,61,24,60,1900,3,1804079,73133339,0.9589645129964443,0.19590942952021667,2.0,45-60,12
62,62,24,60,1900,3,1804079,73133339,0.9589645129964443,0.19590942952021667,2.0,45-60,12
63,63,24,60,1900,3,1804079,73133339,0.9589645129964443,0.19590942952021667,2.0,45-60,12
64,64,24,60,1900,3,1804079,73133339,0.9589645129964443,0.19590942952021667,2.0,45-60,12
65,65,26,65,1900,3,1312875,74446214,0.9761796511566232,0.14256836440164453,2.0,65-90,12
66,66,26,65,1900,3,1312875,74446214,0.9761796511566232,0.14256836440164453,2.0,65-90,12
67,67,26,65,1900,3,1312875,74446214,0.9761796511566232,0.14256836440164453,2.0,65-90,12
68,68,26,65,1900,3,1312875,74446214,0.9761796511566232,0.14256836440164453,2.0,65-90,12
69,69,26,65,1900,3,1312875,74446214,0.9761796511566232,0.14256836440164453,2.0,65-90,12
70,70,28,70,1900,3,894754,75340968,0.9879121570915925,0.09716356417924711,1.0,65-90,12
71,71,28,70,1900,3,894754,75340968,0.9879121570915925,0.09716356417924711,1.0,65-90,12
72,72,28,70,1900,3,894754,75340968,0.9879121570915925,0.09716356417924711,1.0,65-90,12
73,73,28,70,1900,3,894754,75340968,0.9879121570915925,0.09716356417924711,1.0,65-90,12
74,74,28,70,1900,3,894754,75340968,0.9879121570915925,0.09716356417924711,1.0,65-90,12
75,75,30,75,1900,3,534090,75875058,0.9949154385463921,0.05799816261508089,1.0,65-90,12
76,76,30,75,1900,3,534090,75875058,0.9949154385463921,0.05799816261508089,1.0,65-90,12
77,77,30,75,1900,3,534090,75875058,0.9949154385463921,0.05799816261508089,1.0,65-90,12
78,78,30,75,1900,3,534090,75875058,0.9949154385463921,0.05799816261508089,1.0,65-90,12
79,79,30,75,1900,3,534090,75875058,0.9949154385463921,0.05799816261508089,1.0,65-90,12
80,80,32,80,1900,3,259884,76134942,0.9983231803082658,0.0282214504915982,0.0,65-90,12
81,81,32,80,1900,3,259884,76134942,0.9983231803082658,0.0282214504915982,0.0,65-90,12
82,82,32,80,1900,3,259884,76134942,0.9983231803082658,0.0282214504915982,0.0,65-90,12
83,83,32,80,1900,3,259884,76134942,0.9983231803082658,0.0282214504915982,0.0,65-90,12
84,84,32,80,1900,3,259884,76134942,0.9983231803082658,0.0282214504915982,0.0,65-90,12
85,85,34,85,1900,3,92622,76227564,0.9995376908493852,0.010058053544784628,0.0,65-90,12
86,86,34,85,1900,3,92622,76227564,0.9995376908493852,0.010058053544784628,0.0,65-90,12
87,87,34,85,1900,3,92622,76227564,0.9995376908493852,0.010058053544784628,0.0,65-90,12
88,88,34,85,1900,3,92622,76227564,0.9995376908493852,0.010058053544784628,0.0,65-90,12
89,89,34,85,1900,3,92622,76227564,0.9995376908493852,0.010058053544784628,0.0,65-90,12
90,90,36,90,1900,3,35257,76262821,1.0,0.0038286453955698606,0.0,65-90,12
91,91,36,90,1900,3,35257,76262821,1.0,0.0038286453955698606,0.0,65-90,12
92,92,36,90,1900,3,35257,76262821,1.0,0.0038286453955698606,0.0,65-90,12
93,93,36,90,1900,3,35257,76262821,1.0,0.0038286453955698606,0.0,65-90,12
94,94,36,90,1900,3,35257,76262821,1.0,0.0038286453955698606,0.0,65-90,12
